Day,Hour,AirTem(degreeC),RH(%),PPFD(umol/m2/s),LAI,AtmPres(Pa),WSD(m/s),Isop(mg/m2/h),SWC10(m3/m3),Kc,Kc_7d
200,0,31.7395,54.8975,0.0789,3.4324,90000,2.5346,,0.2179,,0.2436
200,0.5,32.2737,52.8785,0.0789,3.4326,90000,2.705,,0.2181,,0.2436
200,1,31.1951,57.2231,0.0797,3.432,90000,1.9443,,0.2175,,0.2436
200,1.5,31.5203,55.9378,0.0794,3.4322,90000,2.2598,,0.2177,,0.2436
200,2,30.276,60.4132,0.0903,3.4317,90000,2.4092,,0.2172,,0.2436
200,2.5,30.9369,58.2758,0.0857,3.4318,90000,2.4103,,0.2173,,0.2436
200,3,29.6024,64.0228,0.0917,3.4313,90000,2.3124,,0.217,,0.2436
200,3.5,29.8808,62.3527,0.0887,3.4315,90000,2.7761,,0.2171,,0.2436
200,4,29.1051,66.2219,2.0179,3.4309,90000,2.446,,0.2166,,0.2436
200,4.5,29.4214,64.7593,0.1052,3.4311,90000,2.4123,,0.2167,,0.2436
200,5,29.0105,65.5746,139.476,3.4306,90000,2.2104,,0.2163,,0.2436
200,5.5,29.0569,66.0889,32.0134,3.4307,90000,2.3972,,0.2164,,0.2436
200,6,29.5633,64.0437,497.681,3.4302,90000,1.9803,1.9984,0.2161,,0.2436
200,6.5,28.9563,65.7038,307.078,3.4304,90000,2.1281,0.8628,0.2161,,0.2436
200,7,32.1321,54.8131,903.81,3.4298,90000,2.6728,5.3978,0.216,,0.2436
200,7.5,30.7084,60.1773,686.749,3.43,90000,1.6232,4.6935,0.216,,0.2436
200,8,34.6042,46.9737,1273.72,3.4295,90000,3.3849,8.8222,0.2161,0.2258,0.2426
200,8.5,33.4323,50.4614,1098.99,3.4296,90000,2.9717,5.8841,0.2161,0.1669,0.242
200,9,36.5404,40.4799,1589.5699,3.4291,90000,3.9345,9.6076,0.2164,0.2515,0.2413
200,9.5,35.4246,44.1761,1432.71,3.4293,90000,3.7302,7.6579,0.2162,0.1351,0.2397
200,10,37.7189,36.1278,1808.5,3.4287,90000,3.4704,11.4216,0.2167,0.1322,0.2379
200,10.5,36.8498,38.6449,1724.38,3.4289,90000,4.3335,9.2319,0.2165,0.1228,0.2364
200,11,38.4209,33.3805,1761.0699,3.4284,90000,3.6776,11.4778,0.2176,0.1809,0.2344
200,11.5,38.3797,33.4628,1920.85,3.4285,90000,3.5008,10.6309,0.2171,0.1809,0.2334
200,12,39.4132,30.0622,1893.4399,3.428,90000,3.0638,9.9563,0.2182,0.1809,0.2323
200,12.5,38.5503,32.8129,1656.83,3.4282,90000,3.2445,9.5399,0.218,0.1393,0.2312
200,13,39.6523,29.4214,1728.29,3.4276,90000,3.9071,9.4087,0.2186,0.3298,0.2312
200,13.5,39.418,29.3754,1702.6899,3.4278,90000,3.4068,11.8011,0.2184,0.1342,0.2302
200,14,40.008,28.4493,1415.86,3.4272,90000,3.4376,8.0874,0.2189,0.0386,0.2278
200,14.5,39.3484,30.0192,1163.92,3.4274,90000,3.6728,7.5845,0.2188,0.1809,0.2268
200,15,39.7084,27.7696,1113.3,3.4269,90000,4.0206,7.4695,0.2192,0.1809,0.225
200,15.5,39.7157,27.9432,1300.46,3.4271,90000,4.1545,7.68,0.2191,0.3565,0.2248
200,16,39.8722,29.1393,717.126,3.4265,90000,3.5234,5.6074,0.2194,0.1688,0.2235
200,16.5,40.1252,28.4521,968.156,3.4267,90000,3.062,7.3806,0.2193,0.1809,0.2223
200,17,39.7941,29.7797,186.356,3.4262,90000,3.3928,4.6963,0.2196,,0.2223
200,17.5,39.9668,29.526,504.144,3.4263,90000,2.8886,5.6042,0.2195,,0.2223
200,18,39.0952,32.0635,82.7566,3.4258,90000,2.16,1.5718,0.2196,,0.2223
200,18.5,39.5258,30.471,127.024,3.426,90000,2.9516,3.4689,0.2195,,0.2223
200,19,37.8612,35.7048,4.0128,3.4254,90000,2.0003,,0.2195,,0.2223
200,19.5,38.5265,33.842,32.6489,3.4256,90000,2.0034,,0.2195,,0.2223
200,20,36.892,37.3985,0.0301,3.425,90000,2.2635,,0.2193,,0.2223
200,20.5,37.4778,36.0035,0.1769,3.4252,90000,2.3786,,0.2194,,0.2223
200,21,35.7834,40.6551,0.0423,3.4247,90000,3.043,-0.1375,0.219,,0.2223
200,21.5,36.3813,38.7329,0.0422,3.4249,90000,2.878,,0.2192,,0.2223
200,22,34.5253,44.1633,0.0563,3.4243,90000,2.9042,,0.2188,,0.2223
200,22.5,34.9199,42.8649,0.0478,3.4245,90000,3.0158,,0.2189,,0.2223
200,23,,,,,90000,,,,,0.2223
200,23.5,33.857,45.5583,0.0592,3.4241,90000,3.0194,0.1279,0.2186,,0.2223
201,0,32.6715,47.9106,0.063,3.4236,90000,2.6357,0.0936,0.2181,,0.2223
201,0.5,32.9738,47.4397,0.0671,3.4238,90000,2.6128,,0.2182,,0.2223
201,1,32.1511,48.6118,0.0716,3.4232,90000,2.8938,-0.0998,0.2178,,0.2223
201,1.5,32.4029,48.3628,0.0721,3.4234,90000,2.6683,,0.218,,0.2223
201,2,31.6354,49.8291,0.0776,3.4228,90000,2.6531,0.1247,0.2176,,0.2223
201,2.5,31.5042,50.6822,0.0768,3.423,90000,2.8354,0.0897,0.2177,,0.2223
201,3,30.9546,57.0639,0.0743,3.4225,90000,4.3209,0.1119,0.2173,,0.2223
201,3.5,32.211,47.8695,0.0866,3.4227,90000,4.3078,0.2299,0.2174,,0.2223
201,4,29.4414,66.8566,0.4331,3.4221,90000,2.7586,0.0295,0.217,,0.2223
201,4.5,29.4937,66.1109,0.0719,3.4223,90000,2.7455,,0.2171,,0.2223
201,5,28.3964,73.7843,26.1217,3.4217,90000,1.9555,,0.2168,,0.2223
201,5.5,27.9716,75.841,3.4819,3.4219,90000,1.9456,,0.2169,,0.2223
201,6,27.0373,85.2532,191.951,3.4214,90000,2.8993,0.1895,0.2166,,0.2223
201,6.5,27.2235,80.0549,90.5219,3.4216,90000,3.2344,0.1138,0.2168,,0.2223
201,7,28.1342,82.0829,363.999,3.421,90000,1.8098,0.6521,0.2163,,0.2223
201,7.5,27.3955,85.8388,271.346,3.4212,90000,1.1641,,0.2165,,0.2223
201,8,30.1787,74.0706,585.962,3.4206,90000,1.1757,3.2451,0.2161,,0.2205
201,8.5,29.0469,78.8441,585.014,3.42,90000,0.9821,1.7538,0.2163,,0.2196
201,9,30.4684,72.3006,673.338,3.4203,90000,0.814,,0.2161,0.272,0.2204
201,9.5,30.3381,71.9491,344.388,3.4204,90000,1.1381,,0.2161,0.272,0.221
201,10,33.7458,52.3609,1754.02,3.4199,90000,3.3066,10.0856,0.2161,0.5328,0.2238
201,10.5,31.6526,63.7174,1408.61,3.4201,90000,1.5204,9.0018,0.2161,0.3697,0.2252
201,11,36.8676,43.7851,1785.65,3.4195,90000,2.4807,11.6447,0.2166,0.1908,0.2251
201,11.5,34.5775,49.2129,1960.75,3.4197,90000,3.25,9.1768,0.2162,0.299,0.2262
201,12,37.0311,39.5906,1262.88,3.4192,90000,4.1409,10.7443,0.2171,0.272,0.2261
201,12.5,37.0742,40.3527,1639.17,3.4193,90000,3.7442,7.1074,0.2169,0.4093,0.2277
201,13,37.8575,36.3484,1817.6801,3.4188,90000,5.4953,8.9299,0.2173,0.2603,0.2282
201,13.5,37.7609,37.701,1814.54,3.419,90000,4.4034,9.5224,0.2172,0.1157,0.2275
201,14,38.7897,35.3665,1522.5,3.4184,90000,3.7757,9.8115,0.2176,0.2188,0.2276
201,14.5,38.7158,35.4103,1676.65,3.4186,90000,3.6427,7.3046,0.2174,0.2458,0.229
201,15,38.9399,36.4756,1194.95,3.4181,90000,3.3408,6.7966,0.2179,0.0894,0.228
201,15.5,38.6097,36.1978,1212.8,3.4182,90000,3.3649,8.6957,0.2177,0.1538,0.2268
201,16,39.1044,35.2051,810.508,3.4177,90000,2.812,6.5836,0.2181,0.3789,0.2285
201,16.5,38.853,36.0844,1006.26,3.4179,90000,3.3513,5.7432,0.218,0.272,0.2291
201,17,38.5237,28.8217,154.27,3.4173,90000,3.3205,4.9706,0.2182,,0.2291
201,17.5,38.8631,31.3891,525.607,3.4175,90000,3.8409,3.7157,0.2182,,0.2291
201,18,37.9725,32.0661,74.9995,3.4169,90000,2.2256,2.3794,0.2182,,0.2291
201,18.5,38.4032,29.199,103.436,3.4171,90000,2.2813,3.1508,0.2182,,0.2291
201,19,36.5252,37.2966,4.6329,3.4166,90000,2.6563,,0.2181,,0.2291
201,19.5,37.2323,36.0618,33.3887,3.4168,90000,2.3521,0.7125,0.2182,,0.2291
201,20,34.6685,41.2424,0.0393,3.4162,90000,2.023,-0.2069,0.2179,,0.2291
201,20.5,35.6299,40.8033,0.2271,3.4164,90000,1.5552,,0.218,,0.2291
201,21,32.9997,48.2126,0.0585,3.4158,90000,2.3902,0.0707,0.2177,,0.2291
201,21.5,33.9035,44.278,0.0496,3.416,90000,2.5194,0.1544,0.2178,,0.2291
201,22,31.1849,57.7781,0.065,3.4155,90000,2.529,0.1023,0.2175,,0.2291
201,22.5,31.8503,52.5583,0.0612,3.4157,90000,2.3338,-0.0608,0.2176,,0.2291
201,23,,,,,90000,,,,,0.2291
201,23.5,30.6207,63.1614,0.0739,3.4153,90000,2.3445,-0.052,0.2173,,0.2291
202,0,28.9349,70.0504,0.0858,3.4147,90000,1.9142,0.0343,0.2168,,0.2291
202,0.5,29.5462,68.8429,0.0827,3.4149,90000,2.3102,0.0362,0.2169,,0.2291
202,1,27.9353,74.3853,0.0913,3.4144,90000,1.2399,,0.2165,,0.2291
202,1.5,28.2032,73.3269,0.0866,3.4146,90000,1.5501,,0.2167,,0.2291
202,2,26.3262,80.5832,0.0961,3.414,90000,1.6689,0.018,0.2162,,0.2291
202,2.5,27.1449,77.0731,0.0952,3.4142,90000,1.2413,0.0181,0.2164,,0.2291
202,3,25.4374,84.6309,0.1001,3.4136,90000,0.8828,,0.2158,,0.2291
202,3.5,25.9513,82.3812,0.0944,3.4138,90000,1.1589,,0.216,,0.2291
202,4,24.521,88.371,2.4,3.4133,90000,0.8551,,0.2154,,0.2291
202,4.5,25.1552,86.0952,0.1097,3.4135,90000,0.7634,,0.2156,,0.2291
202,5,24.0699,89.4113,147.913,3.4129,90000,1.3603,,0.2151,,0.2291
202,5.5,24.0861,89.7085,33.4131,3.4131,90000,1.0197,-0.0171,0.2153,,0.2291
202,6,24.8269,82.9262,531.923,3.4125,90000,2.5348,0.9222,0.2148,,0.2291
202,6.5,24.5124,86.396,331.516,3.4127,90000,1.9505,0.452,0.2149,,0.2291
202,7,26.0253,76.0493,931.57,3.4122,90000,2.3817,1.619,0.2145,,0.2291
202,7.5,25.472,79.0516,735.615,3.4123,90000,2.5475,1.2515,0.2145,,0.2291
202,8,27.7571,71.1662,1322.9301,3.4118,90000,1.6515,3.7619,0.2144,0.3254,0.2296
202,8.5,26.4473,73.8565,1132.5601,3.412,90000,2.6051,3.3698,0.2143,0.204,0.2273
202,9,28.9208,65.1531,1647.84,3.4114,90000,1.7723,2.9547,0.2144,0.1394,0.2277
202,9.5,28.1316,70.1068,1519.95,3.4116,90000,2.0305,3.1798,0.2144,0.2933,0.2281
202,10,29.5808,60.1643,1885.63,3.4111,90000,2.3723,3.5842,0.2145,0.1911,0.2269
202,10.5,29.2724,61.8054,1783.34,3.4112,90000,2.2619,3.4485,0.2145,0.1186,0.2254
202,11,30.2711,57.0622,2016.77,3.4107,90000,2.2636,5.9958,0.2152,0.1494,0.2254
202,11.5,29.1067,59.5598,1975.05,3.4109,90000,2.8318,4.5588,0.2148,0.1723,0.2251
202,12,30.9578,54.0858,2011.4301,3.4103,90000,2.8624,3.4906,0.2155,0.1319,0.2246
202,12.5,30.2275,55.7209,2031.52,3.4105,90000,3.6143,4.9169,0.2154,0.0769,0.2235
202,13,31.4714,53.1526,1739.27,3.41,90000,2.9432,,0.2157,0.2023,0.223
202,13.5,31.5155,53.1079,1873,3.4101,90000,2.3895,4.0125,0.2156,0.1539,0.2224
202,14,31.3277,53.8625,1563.3,3.4096,90000,3.5182,5.5597,0.2159,0.1448,0.2218
202,14.5,31.6121,53.3183,1680.97,3.4098,90000,3.1872,5.3525,0.2158,0.2158,0.2217
202,15,30.8108,54.6517,1228.21,3.4092,90000,3.6398,4.6725,0.216,0.1368,0.221
202,15.5,30.644,55.2716,1407.42,3.4094,90000,4.2928,5.3488,0.216,0.2085,0.2209
202,16,30.8649,54.8059,838.192,3.4088,90000,3.4262,3.1895,0.216,0.2489,0.2212
202,16.5,30.8251,54.5959,1035.78,3.409,90000,3.5497,4.4281,0.216,0.1723,0.2207
202,17,30.438,55.4416,151.049,3.4085,90000,3.6071,2.08,0.2159,,0.2207
202,17.5,30.6374,55.0521,542.585,3.4087,90000,3.4837,2.4275,0.2159,,0.2207
202,18,30.1341,56.5457,71.5398,3.4081,90000,2.7216,0.8245,0.2157,,0.2207
202,18.5,30.304,56.1392,99.8117,3.4083,90000,3.4288,1.8387,0.2158,,0.2207
202,19,29.2173,60.4664,4.305,3.4077,90000,1.9849,0.1048,0.2155,,0.2207
202,19.5,29.7359,58.504,31.8092,3.4079,90000,1.956,0.2535,0.2156,,0.2207
202,20,28.4138,62.9136,0.1047,3.4074,90000,2.4041,,0.2152,,0.2207
202,20.5,29.0526,61.1366,0.2717,3.4076,90000,1.9586,,0.2153,,0.2207
202,21,26.8794,68.8328,0.1069,3.407,90000,2.2684,,0.2149,,0.2207
202,21.5,27.3987,66.6923,0.1043,3.4072,90000,2.9663,,0.215,,0.2207
202,22,25.9656,72.3563,0.1087,3.4066,90000,2.1519,,0.2144,,0.2207
202,22.5,26.4392,70.3255,0.1059,3.4068,90000,2.1617,,0.2146,,0.2207
202,23,,,,,90000,,,,,0.2207
202,23.5,25.591,73.8935,0.1109,3.4065,90000,2.2982,,0.2142,,0.2207
203,0,24.0983,80.1793,0.1125,3.4059,90000,1.5551,,0.2138,,0.2207
203,0.5,24.3257,79.1602,0.11,3.4061,90000,2.3372,,0.2139,,0.2207
203,1,23.8981,80.7845,0.1166,3.4055,90000,2.1036,,0.2133,,0.2207
203,1.5,24.1336,79.7928,0.1104,3.4057,90000,1.8527,,0.2135,,0.2207
203,2,22.9933,84.6871,0.1117,3.4052,90000,2.2195,,0.2129,,0.2207
203,2.5,23.5079,82.2897,0.1088,3.4053,90000,2.2052,,0.2131,,0.2207
203,3,22.427,87.0418,0.1086,3.4048,90000,2.5612,,0.2126,,0.2207
203,3.5,22.6725,86.2118,0.1106,3.405,90000,1.5577,0.0099,0.2128,,0.2207
203,4,22.2288,88.7474,2.0531,3.4044,90000,2.1793,,0.2122,,0.2207
203,4.5,22.1241,88.725,0.1167,3.4046,90000,2.7549,,0.2124,,0.2207
203,5,22.0957,87.8885,140.529,3.4041,90000,2.0672,-0.0739,0.2118,,0.2207
203,5.5,22.3302,88.0739,31.8013,3.4042,90000,1.8683,,0.212,,0.2207
203,6,22.8076,85.0814,511.934,3.4037,90000,1.7713,0.8609,0.2116,,0.2207
203,6.5,22.0036,87.4559,312.149,3.4039,90000,1.6459,0.6693,0.2118,,0.2207
203,7,27.2426,69.8131,922.161,3.4033,90000,2.0091,4.4703,0.2115,,0.2207
203,7.5,25.5896,76.453,720.63,3.4035,90000,1.2011,3.464,0.2116,,0.2207
203,8,28.5609,60.1318,1303.35,3.403,90000,2.7925,6.0192,0.2115,0.4225,0.2224
203,8.5,28.1043,64.7302,1122.55,3.4031,90000,2.8742,5.2173,0.2115,0.1638,0.2219
203,9,29.9525,53.502,1636.08,3.4026,90000,2.3527,6.5162,0.2118,0.3211,0.2197
203,9.5,29.1892,55.836,1477.65,3.4028,90000,2.5706,6.5086,0.2116,0.1218,0.2182
203,10,31.3691,44.8562,1830.55,3.4022,90000,2.4486,5.6332,0.212,0.4094,0.2183
203,10.5,30.9323,48.4798,1736.08,3.4024,90000,2.6921,,0.2119,0.1477,0.2177
203,11,33.085,37.4022,1888.3101,3.4019,90000,2.3495,,0.2129,0.248,0.2183
203,11.5,32.1913,41.7998,1869.55,3.402,90000,2.0357,6.0354,0.2124,0.0508,0.2176
203,12,34.4399,33.6414,1937.98,3.4015,90000,1.9511,8.7418,0.2135,0.2794,0.2198
203,12.5,33.7598,34.6569,1886.09,3.4017,90000,2.2149,6.8901,0.2133,0.0715,0.2187
203,13,35.0515,32.5617,1664.88,3.4011,90000,2.2751,6.8798,0.2138,0.0884,0.2177
203,13.5,34.709,32.804,1873.75,3.4013,90000,2.0346,4.0996,0.2137,0.0928,0.2181
203,14,36.0574,32.5682,1449.9301,3.4007,90000,2.2427,8.146,0.2141,0.2303,0.2194
203,14.5,35.4719,31.7757,1648.11,3.4009,90000,1.8958,9.723,0.214,0.0995,0.2188
203,15,35.7448,33.2292,984.017,3.4004,90000,2.9157,8.29,0.2145,0.3644,0.22
203,15.5,35.9107,33.694,1130.8,3.4006,90000,2.6116,9.3531,0.2144,0.4322,0.2218
203,16,35.4462,35.2437,574.768,3.4,90000,2.4348,5.0004,0.2148,0.2112,0.2218
203,16.5,35.4551,34.816,590.267,3.4002,90000,2.5275,5.2905,0.2147,0.2112,0.2218
203,17,35.1021,36.6813,240.744,3.3997,90000,2.69,2.8585,0.2149,,0.2218
203,17.5,35.6798,35.1425,520.55,3.3998,90000,2.3516,6.5524,0.2148,,0.2218
203,18,34.5063,36.0914,124.535,3.3993,90000,2.1608,1.4868,0.2148,,0.2218
203,18.5,34.8444,36.4771,207.615,3.3995,90000,2.4795,3.719,0.2149,,0.2218
203,19,33.0251,39.8904,4.5551,3.3989,90000,2.6258,,0.2147,,0.2218
203,19.5,33.8567,37.6947,42.4285,3.3991,90000,2.2905,0.7007,0.2147,,0.2218
203,20,31.4978,41.2675,0.0803,3.3985,90000,2.0959,,0.2146,,0.2218
203,20.5,32.3511,40.2851,0.2203,3.3987,90000,2.1069,,0.2146,,0.2218
203,21,30.0756,45.5435,0.0947,3.3982,90000,1.9595,,0.2143,,0.2218
203,21.5,30.4747,43.9052,0.0877,3.3984,90000,2.1339,,0.2144,,0.2218
203,22,29.5816,47.9475,0.0932,3.3978,90000,1.8431,,0.2141,,0.2218
203,22.5,30.0298,46.4395,0.0993,3.398,90000,2.1946,,0.2143,,0.2218
203,23,,,,,90000,,,,,0.2218
203,23.5,29.5089,48.051,0.0944,3.3976,90000,2.2616,,0.2139,,0.2218
204,0,27.9134,50.5459,0.0959,3.3971,90000,2.4358,,0.2135,,0.2218
204,0.5,28.3047,50.1113,0.0938,3.3973,90000,2.2944,,0.2136,,0.2218
204,1,27.35,51.1956,0.1006,3.3967,90000,1.8433,,0.2131,,0.2218
204,1.5,27.7163,50.4763,0.1013,3.3969,90000,2.0485,,0.2132,,0.2218
204,2,26.5974,53.2005,0.1037,3.3963,90000,2.209,,0.2128,,0.2218
204,2.5,27.0682,51.5867,0.1057,3.3965,90000,1.7212,,0.2129,,0.2218
204,3,26.0138,53.1991,0.1035,3.396,90000,2.5307,,0.2124,,0.2218
204,3.5,26.2237,53.9661,0.1016,3.3962,90000,2.9244,,0.2126,,0.2218
204,4,26.0328,52.91,1.8427,3.3956,90000,1.5646,,0.212,,0.2218
204,4.5,26.0194,53.3309,0.1115,3.3958,90000,1.2996,,0.2122,,0.2218
204,5,25.0924,55.5854,140.119,3.3952,90000,2.5985,,0.2116,,0.2218
204,5.5,25.4646,54.5036,31.2271,3.3954,90000,2.4831,,0.2118,,0.2218
204,6,25.7693,57.8977,508.775,3.3949,90000,1.3423,,0.2113,,0.2218
204,6.5,25.0689,56.7545,313.376,3.3951,90000,2.1703,,0.2115,,0.2218
204,7,28.1455,55.8337,905.944,3.3945,90000,1.8788,3.3941,0.2111,,0.2218
204,7.5,27.0466,56.8878,711.902,3.3947,90000,1.4964,3.4396,0.2112,,0.2218
204,8,30.8158,54.3626,1263.9,3.3941,90000,2.9141,5.9908,0.2112,,0.2218
204,8.5,29.2932,55.9393,1078.9,3.3943,90000,2.3852,4.8176,0.2111,0.0223,0.2187
204,9,32.5463,48.6024,1582.28,3.3938,90000,2.6249,6.8049,0.2114,0.2428,0.2161
204,9.5,31.8461,52.5361,1432.42,3.3939,90000,3.0471,6.6495,0.2113,0.2912,0.2161
204,10,34.1257,40.0259,1823.99,3.3934,90000,2.0397,8.3454,0.2118,0.1613,0.215
204,10.5,33.3193,43.6904,1715.92,3.3936,90000,2.4955,8.7203,0.2116,0.1613,0.2138
204,11,35.6378,33.4917,1824.9,3.393,90000,1.533,,0.2128,0.1613,0.2127
204,11.5,35.0507,37.1357,1716.48,3.3932,90000,0.9992,9.8096,0.2123,0.1007,0.2111
204,12,36.9308,33.0056,1876.97,3.3927,90000,3.0021,10.3126,0.2134,0.0385,0.209
204,12.5,36.1061,32.942,1876.42,3.3928,90000,2.6347,7.989,0.2131,0.0206,0.2074
204,13,37.5764,28.9275,1707.14,3.3923,90000,2.9905,9.858,0.2139,0.1022,0.2059
204,13.5,37.185,29.3545,1844.47,3.3925,90000,3.4823,8.8577,0.2137,0.1805,0.2061
204,14,38.2454,25.8145,1436.3,3.3919,90000,2.941,8.9644,0.2142,0.2151,0.2056
204,14.5,37.9352,26.172,1468.0601,3.3921,90000,3.2332,9.5983,0.214,0.1613,0.2057
204,15,38.7783,26.2662,1134.34,3.3916,90000,2.8747,,0.2146,0.2276,0.2051
204,15.5,38.501,27.0197,1314.15,3.3917,90000,2.7998,7.1324,0.2144,0.1272,0.2021
204,16,38.9029,24.3313,744.152,3.3912,90000,3.2223,5.5606,0.2149,0.2275,0.2019
204,16.5,38.8231,24.5048,946.698,3.3914,90000,3.2086,5.9612,0.2148,0.1613,0.2008
204,17,38.3654,23.6729,189.746,3.3908,90000,3.1829,2.4785,0.215,,0.2008
204,17.5,38.6386,24.1291,478.447,3.391,90000,3.2437,4.2463,0.215,,0.2008
204,18,37.6823,27.7507,80.5883,3.3905,90000,2.1367,0.6338,0.2151,,0.2008
204,18.5,38.0262,26.0801,125.778,3.3906,90000,3.2148,2.0143,0.215,,0.2008
204,19,36.5451,30.9474,3.5301,3.3901,90000,2.1044,,0.215,,0.2008
204,19.5,37.4635,28.7576,29.9667,3.3903,90000,2.0792,,0.215,,0.2008
204,20,35.0928,33.8495,0.033,3.3897,90000,2.5087,,0.2148,,0.2008
204,20.5,35.9122,32.3715,0.1601,3.3899,90000,2.1073,,0.2149,,0.2008
204,21,34.1717,36.6783,0.0542,3.3893,90000,2.9018,,0.2146,,0.2008
204,21.5,34.344,35.6929,0.042,3.3895,90000,2.7318,,0.2147,,0.2008
204,22,32.7301,40.5046,0.0591,3.389,90000,2.7882,-0.1693,0.2143,,0.2008
204,22.5,33.626,38.1983,0.0602,3.3892,90000,3.1948,,0.2145,,0.2008
204,23,,,,,90000,,,,,0.2008
204,23.5,32.5226,40.1684,0.0637,3.3888,90000,3.0983,0.1159,0.2141,,0.2008
205,0,30.7623,46.9713,0.0744,3.3882,90000,3.5436,,0.2137,,0.2008
205,0.5,31.2278,43.4766,0.0674,3.3884,90000,3.259,0.1186,0.2139,,0.2008
205,1,29.9409,53.2218,0.0802,3.3879,90000,3.6224,0.2634,0.2134,,0.2008
205,1.5,30.3643,50.2899,0.0727,3.3881,90000,3.7811,0.2886,0.2136,,0.2008
205,2,29.6778,58.1137,0.0859,3.3875,90000,2.9319,-0.0704,0.2132,,0.2008
205,2.5,29.8236,55.987,0.0818,3.3877,90000,3.0391,-0.1165,0.2133,,0.2008
205,3,29.1748,62.7424,0.0866,3.3871,90000,2.9449,0.115,0.213,,0.2008
205,3.5,29.4716,60.4614,0.0832,3.3873,90000,2.8797,0.0857,0.2131,,0.2008
205,4,28.5516,66.9965,1.4524,3.3868,90000,2.8395,-0.0455,0.2127,,0.2008
205,4.5,28.8811,65.034,0.0926,3.387,90000,2.8532,0.1084,0.2127,,0.2008
205,5,28.0004,70.0191,123.498,3.3864,90000,2.6511,0.3985,0.2125,,0.2008
205,5.5,28.2842,68.6445,26.724,3.3866,90000,2.696,0.1024,0.2125,,0.2008
205,6,29.1035,67.8276,476.742,3.386,90000,2.4295,,0.2123,,0.2008
205,6.5,28.3768,69.5205,286.339,3.3862,90000,2.2219,1.0223,0.2124,,0.2008
205,7,31.811,60.8987,875.413,3.3857,90000,2.8243,3.2919,0.2122,,0.2008
205,7.5,30.2019,65.222,675.579,3.3858,90000,3.2335,2.1448,0.2123,,0.2008
205,8,33.9271,54.3892,1250.64,3.3853,90000,4.1532,6.2798,0.2123,0.1095,0.2002
205,8.5,32.904,57.5309,1066.78,3.3855,90000,3.5267,4.9383,0.2122,0.1183,0.2001
205,9,35.5686,48.1993,1559.38,3.3849,90000,3.797,7.5255,0.2126,0.1797,0.1993
205,9.5,34.8305,51.2576,1415.4399,3.3851,90000,4.0313,7.8586,0.2124,0.084,0.1984
205,10,37.311,42.7135,1779.05,3.3846,90000,2.5194,9.2148,0.213,0.1488,0.1959
205,10.5,36.3339,45.6163,1685.21,3.3847,90000,3.6938,6.1022,0.2128,0.1496,0.1958
205,11,38.4371,36.2744,1913.74,3.3842,90000,2.1769,8.4811,0.2141,0.1496,0.1954
205,11.5,38.2491,39.4707,1872.62,3.3844,90000,2.6325,8.2413,0.2134,0.1496,0.1958
205,12,38.9425,32.9915,1879.1801,3.3838,90000,2.9975,7.31,0.2148,0.2362,0.1954
205,12.5,38.4352,34.7459,1914.9399,3.384,90000,3.7421,8.465,0.2146,0.1496,0.1951
205,13,39.785,31.297,1740.38,3.3835,90000,2.2821,8.1464,0.2151,0.0096,0.1942
205,13.5,39.435,31.581,1832.85,3.3836,90000,2.439,7.5117,0.2149,0.2404,0.1943
205,14,39.9353,30.3203,1369.46,3.3831,90000,2.6598,7.3914,0.2156,0.1785,0.1943
205,14.5,39.9654,30.3005,1631,3.3833,90000,2.857,8.4249,0.2153,0.0494,0.1925
205,15,40.205,28.9581,1113.3,3.3827,90000,2.9914,7.3516,0.2158,0.1816,0.1932
205,15.5,40.259,29.9852,1125.85,3.3829,90000,3.1447,7.1489,0.2157,0.2091,0.1938
205,16,40.485,27.629,747.113,3.3823,90000,2.5298,4.8226,0.216,0.1281,0.1943
205,16.5,40.3972,27.2529,949.36,3.3825,90000,2.1141,6.7535,0.216,0.1496,0.1939
205,17,40.3307,29.277,195.362,3.382,90000,1.9016,4.564,0.2161,,0.1939
205,17.5,40.427,28.8402,472.169,3.3822,90000,1.6939,5.614,0.2161,,0.1939
205,18,39.7876,30.6277,81.3834,3.3816,90000,2.0814,0.9613,0.2161,,0.1939
205,18.5,40.1114,29.8694,132.131,3.3818,90000,1.9898,4.0193,0.2161,,0.1939
205,19,39.0047,31.5681,3.5063,3.3812,90000,2.3249,,0.216,,0.1939
205,19.5,39.2842,31.4737,29.9082,3.3814,90000,2.1859,,0.2161,,0.1939
205,20,37.1345,35.1271,0.0167,3.3809,90000,2.9999,-0.1796,0.2159,,0.1939
205,20.5,37.9001,33.1761,0.1362,3.3811,90000,2.4524,,0.2159,,0.1939
205,21,35.4865,40.1615,0.0349,3.3805,90000,2.7851,0.101,0.2156,,0.1939
205,21.5,36.5445,36.1703,0.0273,3.3807,90000,2.7802,0.1363,0.2157,,0.1939
205,22,34.4489,44.9861,0.053,3.3801,90000,2.828,0.2002,0.2153,,0.1939
205,22.5,34.8762,43.1811,0.0457,3.3803,90000,2.7505,0.18,0.2154,,0.1939
205,23,,,,,90000,,,,,0.1939
205,23.5,34.0487,46.3561,0.0534,3.38,90000,2.9159,-0.1161,0.2152,,0.1939
206,0,32.4193,50.3342,0.0659,3.3794,90000,3.221,,0.2149,,0.1939
206,0.5,33.153,49.0657,0.0632,3.3796,90000,2.8248,-0.1469,0.215,,0.1939
206,1,31.313,53.9532,0.0688,3.379,90000,2.8707,-0.0618,0.2146,,0.1939
206,1.5,31.9137,51.518,0.0666,3.3792,90000,3.3207,,0.2147,,0.1939
206,2,30.826,55.7494,0.0779,3.3787,90000,2.8876,0.103,0.2142,,0.1939
206,2.5,31.0312,55.0756,0.0705,3.3788,90000,2.759,0.1256,0.2144,,0.1939
206,3,30.3189,57.2713,0.085,3.3783,90000,2.8361,0.0936,0.2139,,0.1939
206,3.5,30.6299,56.2796,0.0789,3.3785,90000,2.828,-0.0678,0.2141,,0.1939
206,4,29.8649,58.8106,1.2767,3.3779,90000,2.6126,0.0926,0.2137,,0.1939
206,4.5,30.1454,57.9257,0.087,3.3781,90000,2.5924,-0.0913,0.2138,,0.1939
206,5,29.2799,61.2947,121.883,3.3776,90000,2.2174,0.226,0.2133,,0.1939
206,5.5,29.4554,60.4491,25.5127,3.3777,90000,2.3493,0.0653,0.2135,,0.1939
206,6,30.7055,58.7709,475.49,3.3772,90000,2.7481,1.4545,0.2129,,0.1939
206,6.5,29.7923,60.5485,286.889,3.3774,90000,2.438,1.0521,0.2131,,0.1939
206,7,32.6358,54.1738,879.964,3.3768,90000,3.2572,3.0238,0.2128,,0.1939
206,7.5,31.6825,56.5917,678.007,3.377,90000,2.803,2.3076,0.2129,,0.1939
206,8,34.5134,49.2563,1254.39,3.3765,90000,3.6636,5.5115,0.213,0.1027,0.1928
206,8.5,33.4154,52.023,1077.73,3.3766,90000,3.8636,4.8239,0.2129,0.1051,0.1917
206,9,36.3695,44.1562,1559.84,3.3761,90000,2.7603,6.2194,0.2132,0.0672,0.1905
206,9.5,35.359,46.8295,1414.49,3.3763,90000,3.2309,4.6643,0.2131,0.1913,0.1896
206,10,37.3754,40.7663,1718.95,3.3757,90000,2.5166,5.0199,0.2135,0.2041,0.189
206,10.5,36.8359,42.3054,1680.36,3.3759,90000,2.5266,7.2237,0.2133,0.0488,0.1868
206,11,38.1779,37.1285,1609.98,3.3754,90000,2.2618,7.6675,0.2144,0.1436,0.1878
206,11.5,37.9508,39.0751,1791,3.3755,90000,2.1492,8.8925,0.2138,0.1956,0.1883
206,12,38.7711,34.4876,1905.85,3.375,90000,2.5762,8.3071,0.2149,0.0684,0.1884
206,12.5,38.3486,36.8353,1461.12,3.3752,90000,2.8954,6.5705,0.2147,0.0546,0.1865
206,13,39.1286,33.1874,1255.1899,3.3746,90000,3.0439,5.6998,0.2152,0.0487,0.1851
206,13.5,39.318,33.8414,1783.74,3.3748,90000,2.8607,9.0211,0.2151,0.1982,0.1861
206,14,39.752,31.5891,1233.24,3.3742,90000,2.9557,7.1371,0.2155,0.2753,0.1858
206,14.5,39.3381,32.7714,1203.23,3.3744,90000,2.254,7.2817,0.2154,0.3069,0.1867
206,15,40.2637,28.18,1169.9,3.3739,90000,2.9378,5.9406,0.2157,0.1155,0.1863
206,15.5,39.8634,28.5552,1304.14,3.3741,90000,2.8341,5.7571,0.2157,0.1978,0.1863
206,16,40.1752,29.3298,767.204,3.3735,90000,3.0078,4.6541,0.2158,0.0389,0.1844
206,16.5,40.404,29.0503,954.28,3.3737,90000,2.545,5.852,0.2158,0.1436,0.1839
206,17,40.065,28.3977,174.745,3.3732,90000,2.1094,4.1503,0.216,,0.1839
206,17.5,40.192,28.8312,479.735,3.3733,90000,3.0514,5.3125,0.2159,,0.1839
206,18,39.3197,29.1296,76.9163,3.3728,90000,2.233,1.8715,0.216,,0.1839
206,18.5,39.8468,28.3418,118.891,3.373,90000,2.3076,2.1762,0.216,,0.1839
206,19,37.8411,33.7243,3.1469,3.3724,90000,2.1472,,0.2158,,0.1839
206,19.5,38.5328,31.5167,28.2088,3.3726,90000,2.4245,0.8661,0.2159,,0.1839
206,20,36.6235,37.762,0.0205,3.372,90000,2.1761,,0.2156,,0.1839
206,20.5,37.2414,35.528,0.1203,3.3722,90000,2.3073,,0.2157,,0.1839
206,21,35.6228,40.9123,0.0386,3.3717,90000,2.27,,0.2153,,0.1839
206,21.5,36.2188,39.151,0.0334,3.3719,90000,2.5695,,0.2154,,0.1839
206,22,,,,,90000,,,,,0.1839
206,22.5,34.9119,42.5235,0.0449,3.3715,90000,2.638,,0.2152,,0.1839
206,23,33.6391,47.2336,0.0609,3.3709,90000,3.1902,0.0671,0.2146,,0.1839
206,23.5,34.1074,45.5667,0.0572,3.3711,90000,2.8253,0.1049,0.2147,,0.1839
207,0,32.3232,51.8045,0.0639,3.3706,90000,2.4444,0.1265,0.2142,,0.1839
207,0.5,32.8304,49.8313,0.0596,3.3708,90000,3.1725,0.2495,0.2144,,0.1839
207,1,32.576,51.4453,0.074,3.3702,90000,2.5251,-0.0763,0.214,,0.1839
207,1.5,32.2796,52.1406,0.0698,3.3704,90000,2.4242,0.1113,0.2141,,0.1839
207,2,32.3223,52.3167,0.0779,3.3698,90000,2.6157,-0.1023,0.2137,,0.1839
207,2.5,32.4412,51.7195,0.0761,3.37,90000,2.754,0.0671,0.2139,,0.1839
207,3,31.7565,54.1649,0.0808,3.3695,90000,2.9064,-0.1184,0.2134,,0.1839
207,3.5,31.9675,53.4771,0.0756,3.3696,90000,2.4547,-0.0468,0.2136,,0.1839
207,4,31.3829,55.2442,1.1687,3.3691,90000,2.9267,0.0813,0.2132,,0.1839
207,4.5,31.5372,54.6308,0.0785,3.3693,90000,3.2883,-0.0592,0.2133,,0.1839
207,5,30.7887,56.6939,124.132,3.3687,90000,2.2269,0.4323,0.213,,0.1839
207,5.5,30.9417,56.5726,25.9201,3.3689,90000,2.8348,-0.0829,0.2131,,0.1839
207,6,31.5849,54.7426,502.19,3.3684,90000,3.6297,2.4537,0.2127,,0.1839
207,6.5,30.92,56.3596,297.152,3.3686,90000,2.8207,0.9837,0.2129,,0.1839
207,7,33.1059,51.8264,912.848,3.368,90000,3.8606,4.1127,0.2125,,0.1839
207,7.5,32.241,53.6531,708.007,3.3682,90000,4.064,3.4645,0.2126,,0.1839
207,8,34.4721,47.6805,1289.86,3.3676,90000,5.4869,4.9505,0.2126,0.14,0.1832
207,8.5,33.8894,49.6473,1112.73,3.3678,90000,4.6013,6.329,0.2126,0.1235,0.1829
207,9,36.1208,42.2861,1608.66,3.3673,90000,4.7258,5.7719,0.2126,0.1039,0.1817
207,9.5,35.2756,45.1661,1454.26,3.3674,90000,5.0386,5.9255,0.2126,0.0513,0.181
207,10,37.0817,38.6349,1834.16,3.3669,90000,4.43,8.0437,0.213,0.1292,0.1809
207,10.5,36.6113,40.2318,1736.01,3.3671,90000,4.7582,8.5718,0.2128,0.0063,0.18
207,11,37.8063,35.985,1811.67,3.3665,90000,4.3092,6.5862,0.2142,0.0372,0.1788
207,11.5,37.7671,37.0218,1702.17,3.3667,90000,3.5522,7.1674,0.2136,0.1578,0.1786
207,12,38.6742,32.2641,1866.62,3.3661,90000,4.908,7.9201,0.2147,0.0707,0.1777
207,12.5,38.9998,33.1218,1990.17,3.3663,90000,4.0045,7.2904,0.2145,0.0933,0.1774
207,13,39.7109,29.777,1774.8101,3.3658,90000,4.0118,8.4023,0.215,0.0913,0.1754
207,13.5,39.219,31.2218,1838.63,3.366,90000,4.1704,8.9002,0.2149,0.1458,0.1755
207,14,40.3864,28.4084,1582.02,3.3654,90000,3.6136,7.2125,0.2153,0.1461,0.1764
207,14.5,39.8875,29.5026,1702.36,3.3656,90000,4.2286,9.1916,0.2152,0.1194,0.1759
207,15,40.5875,27.0041,1221.09,3.3651,90000,4.5234,7.4078,0.2157,0.0571,0.1749
207,15.5,40.9167,26.8642,1343.6,3.3652,90000,3.4012,8.0744,0.2156,0.1607,0.1733
207,16,40.5969,26.7809,709.151,3.3647,90000,3.7752,5.0979,0.2158,0.0979,0.1727
207,16.5,40.453,26.8148,878.857,3.3649,90000,3.9851,4.6497,0.2158,0.0979,0.1721
207,17,40.5135,26.1303,165.224,3.3643,90000,3.7405,3.0389,0.2157,,0.1721
207,17.5,40.6542,25.8786,473.411,3.3645,90000,4.4394,5.4978,0.2159,,0.1721
207,18,39.7839,27.8669,75.2276,3.364,90000,2.6388,1.824,0.2156,,0.1721
207,18.5,40.35,26.4842,111.129,3.3641,90000,3.1151,2.4325,0.2157,,0.1721
207,19,38.2009,32.3834,2.4947,3.3636,90000,2.9303,,0.2156,,0.1721
207,19.5,38.9756,30.3284,25.8115,3.3638,90000,2.5192,0.2957,0.2156,,0.1721
207,20,36.7576,36.1193,0.0144,3.3632,90000,3.3227,0.1806,0.2153,,0.1721
207,20.5,37.4622,34.3052,0.0752,3.3634,90000,3.2857,0.1403,0.2155,,0.1721
207,21,35.5767,39.0704,0.0349,3.3628,90000,2.938,0.1862,0.215,,0.1721
207,21.5,36.1555,37.6775,0.0237,3.363,90000,3.2264,-0.0969,0.2152,,0.1721
207,22,35.1079,41.0364,0.0496,3.3625,90000,3.2747,0.2336,0.2148,,0.1721
207,22.5,35.2001,40.3896,0.0395,3.3627,90000,3.0991,-0.0994,0.2149,,0.1721
207,23,,,,,90000,,,,,0.1721
207,23.5,34.85,42.0179,0.0526,3.3623,90000,3.1046,-0.112,0.2147,,0.1721
208,0,33.8319,45.7599,0.0552,3.3617,90000,3.1316,0.1801,0.2142,,0.1721
208,0.5,34.1271,44.5372,0.0558,3.3619,90000,2.8947,,0.2143,,0.1721
208,1,33.5709,47.2355,0.061,3.3614,90000,2.9107,0.1341,0.2139,,0.1721
208,1.5,33.7428,46.4252,0.061,3.3616,90000,3.4906,-0.1194,0.2141,,0.1721
208,2,31.2768,58.2809,0.059,3.361,90000,5.8595,-0.0711,0.2136,,0.1721
208,2.5,33.5622,48.2734,0.0624,3.3612,90000,4.5001,,0.2137,,0.1721
208,3,27.8533,73.4855,0.0697,3.3606,90000,2.6756,0.0597,0.2134,,0.1721
208,3.5,28.952,68.9199,0.0524,3.3608,90000,3.7479,-0.0798,0.2135,,0.1721
208,4,25.9349,82.6512,0.1031,3.3603,90000,2.3129,0.0625,0.2129,,0.1721
208,4.5,27.319,74.7373,0.0791,3.3605,90000,2.838,,0.2132,,0.1721
208,5,24.9265,90.2557,3.3798,3.3599,90000,0.7991,,0.2126,,0.1721
208,5.5,25.0027,87.5521,0.7007,3.3601,90000,0.6989,0.0109,0.2127,,0.1721
208,6,24.8421,96.1608,19.7339,3.3595,90000,2.0109,,0.2125,,0.1721
208,6.5,24.914,95.8525,21.719,3.3597,90000,0.7905,,0.2125,,0.1721
208,7,25.2777,95.7496,294.835,3.3592,90000,2.4314,0.472,0.2123,,0.1721
208,7.5,24.886,97.2652,110.572,3.3593,90000,2.5445,0.2402,0.2124,,0.1721
208,8,26.3779,91.1717,943.164,3.3588,90000,1.858,1.2098,0.212,,0.1721
208,8.5,25.6828,94.535,449.812,3.359,90000,1.6164,0.8626,0.2121,,0.1721
208,9,28.5106,83.0539,1230.35,3.3584,90000,2.0387,3.1824,0.212,0.3344,0.1726
208,9.5,27.7276,85.7202,1211.88,3.3586,90000,2.4819,3.0666,0.212,0.3655,0.1733
208,10,31.231,68.8364,1417.6801,3.3581,90000,2.3191,7.2724,0.2121,0.345,0.1718
208,10.5,29.8246,76.9735,1386.72,3.3582,90000,2.1493,7.2705,0.2119,0.3199,0.1714
208,11,31.7763,66.3783,693.18,3.3577,90000,2.7611,5.972,0.2123,0.345,0.1726
208,11.5,31.3398,66.7717,766.069,3.3579,90000,2.9381,4.8217,0.2122,0.345,0.173
208,12,31.8722,67.7185,271.043,3.3573,90000,2.0959,1.5566,0.2124,0.345,0.1736
208,12.5,31.9628,66.2143,366.509,3.3575,90000,2.1634,2.6708,0.2123,0.345,0.1731
208,13,32.9506,59.5279,1111.1,3.357,90000,2.2711,5.4335,0.2125,0.3134,0.1735
208,13.5,31.7947,63.0618,1123.52,3.3571,90000,3.5449,3.7566,0.2125,0.4992,0.1766
208,14,32.5594,63.3605,688.87,3.3566,90000,2.6001,4.49,0.2126,0.345,0.1777
208,14.5,33.0669,59.022,826.833,3.3568,90000,1.9101,,0.2125,0.345,0.1785
208,15,33.0894,58.6768,985.936,3.3562,90000,1.8529,4.3407,0.2127,0.345,0.1806
208,15.5,32.4819,63.4853,486.974,3.3564,90000,2.0838,4.8252,0.2126,0.2378,0.1812
208,16,33.6703,53.0306,838.215,3.3558,90000,3.0525,4.1662,0.2128,0.345,0.181
208,16.5,33.4561,54.3133,778.256,3.356,90000,2.682,4.9169,0.2128,0.345,0.1816
208,17,33.472,49.6285,242.579,3.3555,90000,2.6725,3.3559,0.2129,,0.1816
208,17.5,33.4056,51.2124,534.627,3.3557,90000,3.6418,4.0201,0.2129,,0.1816
208,18,32.8878,51.7165,110.62,3.3551,90000,2.4399,2.046,0.2129,,0.1816
208,18.5,33.3504,49.4179,190.333,3.3553,90000,2.0759,2.1105,0.2129,,0.1816
208,19,31.8654,60.7152,3.7702,3.3547,90000,2.3639,,0.2128,,0.1816
208,19.5,32.3078,56.9938,35.5313,3.3549,90000,2.0551,0.4066,0.2129,,0.1816
208,20,31.5017,63.2581,0.0821,3.3544,90000,1.3127,,0.2126,,0.1816
208,20.5,31.7393,62.1217,0.2042,3.3546,90000,2.1386,,0.2127,,0.1816
208,21,30.3435,65.9055,0.0914,3.354,90000,2.0107,,0.2125,,0.1816
208,21.5,31.4895,62.8885,0.0924,3.3542,90000,1.5362,,0.2126,,0.1816
208,22,28.0115,77.5441,0.0976,3.3536,90000,1.2857,,0.2122,,0.1816
208,22.5,29.0931,71.1558,0.0972,3.3538,90000,1.7457,,0.2123,,0.1816
208,23,,,,,90000,,,,,0.1816
208,23.5,28.409,77.5816,0.0979,3.3535,90000,1.3394,,0.212,,0.1816
209,0,26.9178,80.1809,0.1079,3.3529,90000,2.3328,,0.2116,,0.1816
209,0.5,28.3485,73.3798,0.1105,3.3531,90000,2.2921,,0.2117,,0.1816
209,1,25.8469,85.8384,0.104,3.3525,90000,2.2392,,0.2112,,0.1816
209,1.5,26.5073,83.3312,0.1018,3.3527,90000,1.7183,,0.2114,,0.1816
209,2,26.2695,80.3994,0.1105,3.3522,90000,3.3953,,0.211,,0.1816
209,2.5,26.0181,83.318,0.1085,3.3523,90000,3.1282,,0.2111,,0.1816
209,3,26.3508,75.7968,0.11,3.3518,90000,2.2977,,0.2107,,0.1816
209,3.5,26.1838,78.6519,0.1093,3.352,90000,3.2025,,0.2108,,0.1816
209,4,25.6021,78.5492,1.0807,3.3514,90000,2.884,0.0355,0.2104,,0.1816
209,4.5,26.178,75.3951,0.113,3.3516,90000,2.7395,,0.2105,,0.1816
209,5,25.3786,80.8581,96.8924,3.3511,90000,2.7081,-0.0605,0.2101,,0.1816
209,5.5,25.3604,81.3396,23.4256,3.3512,90000,2.8075,-0.0135,0.2102,,0.1816
209,6,26.1699,77.917,498.131,3.3507,90000,1.8367,0.8662,0.2099,,0.1816
209,6.5,25.7917,78.1206,325.201,3.3509,90000,2.6699,0.3973,0.21,,0.1816
209,7,29.1174,67.2257,910.591,3.3503,90000,2.756,2.7605,0.2099,,0.1816
209,7.5,27.5496,74.0267,708.174,3.3505,90000,2.1233,1.4131,0.2098,,0.1816
209,8,31.65,57.7609,1259.8199,3.35,90000,3.1229,3.9545,0.21,0.3029,0.1814
209,8.5,30.7173,61.4986,1097.03,3.3501,90000,2.7418,3.4341,0.2099,0.3008,0.1822
209,9,32.1218,50.518,1597.73,3.3496,90000,3.2208,4.4829,0.2102,0.3295,0.1837
209,9.5,31.6705,55.6434,1446.52,3.3498,90000,3.9297,5.4376,0.2101,0.3107,0.1838
209,10,33.1901,45.0054,1837.29,3.3492,90000,2.4693,4.4733,0.2106,0.1779,0.1837
209,10.5,32.7096,48.7464,1724.24,3.3494,90000,2.7861,3.6768,0.2104,0.256,0.1849
209,11,33.9239,38.4956,1919.0699,3.3489,90000,3.1976,6.874,0.2113,0.1862,0.1852
209,11.5,33.4763,41.2124,1658.13,3.349,90000,3.2968,4.2164,0.2109,0.1846,0.1853
209,12,34.9281,33.3898,1944.0699,3.3485,90000,3.6866,4.3847,0.2118,0.2487,0.1862
209,12.5,34.2806,36.7641,1939.29,3.3487,90000,3.4508,3.8948,0.2116,0.2433,0.1876
209,13,34.8808,32.6328,1775.39,3.3481,90000,4.4638,4.7616,0.212,0.237,0.1878
209,13.5,34.6568,31.9391,1872.38,3.3483,90000,4.2629,6.0772,0.2118,0.2292,0.1884
209,14,34.8864,30.9264,1524.33,3.3477,90000,4.968,4.2354,0.2123,0.3136,0.1898
209,14.5,34.8566,30.422,1666.0601,3.3479,90000,3.9409,5.0491,0.2121,0.3489,0.1909
209,15,34.7087,31.9215,1192.8,3.3474,90000,4.2068,4.0032,0.2123,0.2145,0.1915
209,15.5,34.5977,31.0302,1363.88,3.3476,90000,4.8655,3.4117,0.2122,0.2646,0.192
209,16,34.2845,33.8335,807.586,3.347,90000,3.3152,3.2427,0.2124,0.295,0.1924
209,16.5,34.306,33.1825,1004.4,3.3472,90000,3.7685,3.7989,0.2124,0.256,0.193
209,17,33.6978,35.5566,138.859,3.3466,90000,2.7259,1.9435,0.2123,,0.193
209,17.5,33.9657,34.1005,467.222,3.3468,90000,2.9321,2.7777,0.2123,,0.193
209,18,32.8589,37.3689,65.2209,3.3463,90000,1.8957,0.9335,0.2121,,0.193
209,18.5,33.4612,36.681,94.4907,3.3465,90000,2.1453,1.6772,0.2122,,0.193
209,19,31.1939,40.7413,2.6054,3.3459,90000,0.9797,,0.2121,,0.193
209,19.5,31.9958,39.1565,24.8742,3.3461,90000,1.1118,,0.212,,0.193
209,20,30.5446,41.5991,0.0881,3.3455,90000,2.7036,,0.2118,,0.193
209,20.5,31.0839,40.7683,0.1561,3.3457,90000,1.9275,,0.2119,,0.193
209,21,28.8535,46.4651,0.0914,3.3452,90000,0.8475,,0.2115,,0.193
209,21.5,28.7148,46.9113,0.0847,3.3454,90000,1.5643,,0.2116,,0.193
209,22,27.2905,52.4604,0.0981,3.3448,90000,1.6956,0.0281,0.2112,,0.193
209,22.5,28.1041,48.8662,0.0916,3.345,90000,1.324,0.0363,0.2113,,0.193
209,23,,,,,90000,,,,,0.193
209,23.5,26.5566,55.7914,0.0989,3.3446,90000,1.5846,0.019,0.2109,,0.193
210,0,25.3293,61.2427,0.1006,3.3441,90000,1.5599,0.0218,0.2104,,0.193
210,0.5,25.7939,59.3253,0.0983,3.3443,90000,1.4555,0.0144,0.2105,,0.193
210,1,24.2376,65.9852,0.1014,3.3437,90000,1.8114,0.0176,0.21,,0.193
210,1.5,24.6043,64.0775,0.1016,3.3439,90000,1.673,0.0213,0.2102,,0.193
210,2,23.0508,72.2537,0.0971,3.3433,90000,1.9727,,0.2096,,0.193
210,2.5,23.0109,71.1969,0.0969,3.3435,90000,1.8732,,0.2098,,0.193
210,3,22.4464,74.9687,0.0988,3.343,90000,1.8031,,0.2092,,0.193
210,3.5,22.9831,72.5819,0.1008,3.3431,90000,1.6681,,0.2094,,0.193
210,4,22.3337,75.6297,1.0066,3.3426,90000,1.7253,,0.2089,,0.193
210,4.5,22.2646,76.1792,0.1038,3.3428,90000,1.8213,,0.209,,0.193
210,5,21.882,75.7553,129.948,3.3422,90000,1.5018,,0.2085,,0.193
210,5.5,22.3876,74.9377,24.8122,3.3424,90000,1.4967,,0.2087,,0.193
210,6,22.4502,74.03,504.822,3.3419,90000,1.1748,1.1946,0.2081,,0.193
210,6.5,21.3089,77.585,307.734,3.3421,90000,1.14,,0.2083,,0.193
210,7,25.5465,63.0217,908.884,3.3415,90000,1.6262,2.0924,0.2081,,0.193
210,7.5,24.0853,68.9096,708.204,3.3417,90000,1.4647,1.3957,0.208,,0.193
210,8,,,,,90000,,,,,0.1912
210,8.5,26.8524,57.9163,1107.71,3.3413,90000,1.3017,2.3577,0.208,0.1462,0.191
210,9,29.5553,47.4198,1626.98,3.3408,90000,1.4037,4.1376,0.2082,0.117,0.1894
210,9.5,,,,,90000,,,,0.1114,0.1893
210,10,,,,,90000,,,,0.161,0.1872
210,10.5,30.4924,45.4318,1543.13,3.3406,90000,1.0274,4.0261,0.2084,0.2547,0.1881
210,11,32.5162,38.4226,1946.96,3.34,90000,0.9888,1.9481,0.2096,0.2392,0.188
210,11.5,31.4725,39.6839,1893.5601,3.3402,90000,0.9737,3.1898,0.209,0.0051,0.1877
210,12,,,,,90000,,,,0.1362,0.1865
210,12.5,33.0402,37.1334,1945.85,3.3398,90000,0.7599,3.3132,0.2099,0.0995,0.1867
210,13,,,,,90000,,,,0.0625,0.1865
210,13.5,,,,,90000,,,,0.1249,0.1868
210,14,34.751,26.7648,1411.4301,3.3389,90000,1.8126,3.3967,0.2107,0.148,0.1861
210,14.5,34.4999,26.9606,961.524,3.3391,90000,1.5173,2.3799,0.2106,0.2323,0.1872
210,15,34.6701,29.6507,842.185,3.3386,90000,2.5956,3.839,0.211,0.2324,0.1861
210,15.5,34.521,26.4836,1492.38,3.3387,90000,2.4102,5.2105,0.2109,0.148,0.1838
210,16,34.1566,26.6137,497.655,3.3382,90000,2.7994,3.9276,0.2111,0.148,0.1833
210,16.5,34.1288,30.0965,601.172,3.3384,90000,3.5187,4.2746,0.2111,0.148,0.1827
210,17,34.0777,31.5321,252.671,3.3378,90000,3.1379,2.7009,0.2113,,0.1827
210,17.5,34.1895,29.1924,428.815,3.338,90000,2.8364,5.2598,0.2112,,0.1827
210,18,33.5306,35.4351,91.365,3.3375,90000,3.6844,1.3805,0.2112,,0.1827
210,18.5,33.8348,34.5683,138.743,3.3376,90000,2.9302,2.6245,0.2112,,0.1827
210,19,31.7648,39.6391,2.1383,3.3371,90000,2.8345,0.1293,0.2111,,0.1827
210,19.5,32.7373,36.9144,24.4128,3.3373,90000,3.3196,0.4802,0.2112,,0.1827
210,20,29.9078,43.9573,0.068,3.3367,90000,3.0884,0.1454,0.2109,,0.1827
210,20.5,30.9328,42.1597,0.1167,3.3369,90000,3.0347,-0.0766,0.211,,0.1827
210,21,28.6866,47.2747,0.0797,3.3363,90000,2.6315,0.0784,0.2107,,0.1827
210,21.5,29.2053,45.5743,0.0736,3.3365,90000,3.0048,,0.2109,,0.1827
210,22,27.8005,50.0445,0.0841,3.336,90000,2.6917,-0.0297,0.2104,,0.1827
210,22.5,27.8515,49.286,0.0801,3.3362,90000,2.4223,,0.2105,,0.1827
210,23,27.2029,52.5089,0.0918,3.3356,90000,2.9454,0.0383,0.2101,,0.1827
210,23.5,27.3929,51.8746,0.0866,3.3358,90000,2.6208,0.0389,0.2102,,0.1827