# day,hour,Isop_obs,Isop_mod,Tem(Celcius),PPFD(umol/m2/s),LAI,Swc_10cm
200.000,  0.000,    nan,  0.000, 31.739,  0.079,  2.535,  0.218
200.000,  0.500,    nan,  0.000, 32.274,  0.079,  2.705,  0.218
200.000,  1.000,    nan,  0.000, 31.195,  0.080,  1.944,  0.217
200.000,  1.500,    nan,  0.000, 31.520,  0.079,  2.260,  0.218
200.000,  2.000,    nan,  0.000, 30.276,  0.090,  2.409,  0.217
200.000,  2.500,    nan,  0.000, 30.937,  0.086,  2.410,  0.217
200.000,  3.000,    nan,  0.000, 29.602,  0.092,  2.312,  0.217
200.000,  3.500,    nan,  0.000, 29.881,  0.089,  2.776,  0.217
200.000,  4.000,    nan,  0.000, 29.105,  2.018,  2.446,  0.217
200.000,  4.500,    nan,  0.000, 29.421,  0.105,  2.412,  0.217
200.000,  5.000,    nan,  1.448, 29.011,139.476,  2.210,  0.216
200.000,  5.500,    nan,  0.482, 29.057, 32.013,  2.397,  0.216
200.000,  6.000,  1.998,  4.007, 29.563,497.681,  1.980,  0.216
200.000,  6.500,  0.863,  3.723, 28.956,307.078,  2.128,  0.216
200.000,  7.000,  5.398,  7.753, 32.132,903.810,  2.673,  0.216
200.000,  7.500,  4.694,  7.409, 30.708,686.749,  1.623,  0.216
200.000,  8.000,  8.822, 11.959, 34.604,1273.720,  3.385,  0.216
200.000,  8.500,  5.884, 11.385, 33.432,1098.990,  2.972,  0.216
200.000,  9.000,  9.608, 15.684, 36.540,1589.570,  3.934,  0.216
200.000,  9.500,  7.658, 14.651, 35.425,1432.710,  3.730,  0.216
200.000, 10.000, 11.422, 17.784, 37.719,1808.500,  3.470,  0.217
200.000, 10.500,  9.232, 16.938, 36.850,1724.380,  4.333,  0.216
200.000, 11.000, 11.478, 18.433, 38.421,1761.070,  3.678,  0.218
200.000, 11.500, 10.631, 18.871, 38.380,1920.850,  3.501,  0.217
200.000, 12.000,  9.956, 19.535, 39.413,1893.440,  3.064,  0.218
200.000, 12.500,  9.540, 18.246, 38.550,1656.830,  3.244,  0.218
200.000, 13.000,  9.409, 19.411, 39.652,1728.290,  3.907,  0.219
200.000, 13.500, 11.801, 18.638, 39.418,1702.690,  3.407,  0.218
200.000, 14.000,  8.087, 18.551, 40.008,1415.860,  3.438,  0.219
200.000, 14.500,  7.585, 17.045, 39.348,1163.920,  3.673,  0.219
200.000, 15.000,  7.470, 16.639, 39.708,1113.300,  4.021,  0.219
200.000, 15.500,  7.680, 16.514, 39.716,1300.460,  4.154,  0.219
200.000, 16.000,  5.607, 14.568, 39.872,717.126,  3.523,  0.219
200.000, 16.500,  7.381, 14.663, 40.125,968.156,  3.062,  0.219
200.000, 17.000,  4.696,  6.600, 39.794,186.356,  3.393,  0.220
200.000, 17.500,  5.604, 11.522, 39.967,504.144,  2.889,  0.220
200.000, 18.000,  1.572,  3.048, 39.095, 82.757,  2.160,  0.220
200.000, 18.500,  3.469,  4.556, 39.526,127.024,  2.952,  0.220
200.000, 19.000,    nan,  0.139, 37.861,  4.013,  2.000,  0.220
200.000, 19.500,    nan,  0.000, 38.526, 32.649,  2.003,  0.220
200.000, 20.000,    nan,  0.000, 36.892,  0.030,  2.264,  0.219
200.000, 20.500,    nan,  0.000, 37.478,  0.177,  2.379,  0.219
200.000, 21.000, -0.138,  0.000, 35.783,  0.042,  3.043,  0.219
200.000, 21.500,    nan,  0.000, 36.381,  0.042,  2.878,  0.219
200.000, 22.000,    nan,  0.000, 34.525,  0.056,  2.904,  0.219
200.000, 22.500,    nan,  0.000, 34.920,  0.048,  3.016,  0.219
200.000, 23.000,    nan,    nan,    nan,    nan,    nan,    nan
200.000, 23.500,  0.128,    nan, 33.857,  0.059,  3.019,  0.219
201.000,  0.000,  0.094,  0.000, 32.672,  0.063,  2.636,  0.218
201.000,  0.500,    nan,  0.000, 32.974,  0.067,  2.613,  0.218
201.000,  1.000, -0.100,  0.000, 32.151,  0.072,  2.894,  0.218
201.000,  1.500,    nan,  0.000, 32.403,  0.072,  2.668,  0.218
201.000,  2.000,  0.125,  0.000, 31.635,  0.078,  2.653,  0.218
201.000,  2.500,  0.090,  0.000, 31.504,  0.077,  2.835,  0.218
201.000,  3.000,  0.112,  0.000, 30.955,  0.074,  4.321,  0.217
201.000,  3.500,  0.230,  0.000, 32.211,  0.087,  4.308,  0.217
201.000,  4.000,  0.029,  0.000, 29.441,  0.433,  2.759,  0.217
201.000,  4.500,    nan,  0.000, 29.494,  0.072,  2.745,  0.217
201.000,  5.000,    nan,  0.347, 28.396, 26.122,  1.956,  0.217
201.000,  5.500,    nan,  0.045, 27.972,  3.482,  1.946,  0.217
201.000,  6.000,  0.190,  2.083, 27.037,191.951,  2.899,  0.217
201.000,  6.500,  0.114,  1.058, 27.224, 90.522,  3.234,  0.217
201.000,  7.000,  0.652,  4.040, 28.134,363.999,  1.810,  0.216
201.000,  7.500,    nan,  3.048, 27.395,271.346,  1.164,  0.216
201.000,  8.000,  3.245,  6.909, 30.179,585.962,  1.176,  0.216
201.000,  8.500,  1.754,  6.239, 29.047,585.014,  0.982,  0.216
201.000,  9.000,    nan,  7.736, 30.468,673.338,  0.814,  0.216
201.000,  9.500,    nan,  4.943, 30.338,344.388,  1.138,  0.216
201.000, 10.000, 10.086, 12.926, 33.746,1754.020,  3.307,  0.216
201.000, 10.500,  9.002, 11.325, 31.653,1408.610,  1.520,  0.216
201.000, 11.000, 11.645, 17.013, 36.868,1785.650,  2.481,  0.217
201.000, 11.500,  9.177, 14.412, 34.578,1960.750,  3.250,  0.216
201.000, 12.000, 10.744, 15.213, 37.031,1262.880,  4.141,  0.217
201.000, 12.500,  7.107, 16.388, 37.074,1639.170,  3.744,  0.217
201.000, 13.000,  8.930, 17.154, 37.858,1817.680,  5.495,  0.217
201.000, 13.500,  9.522, 17.128, 37.761,1814.540,  4.403,  0.217
201.000, 14.000,  9.812, 17.320, 38.790,1522.500,  3.776,  0.218
201.000, 14.500,  7.305, 17.268, 38.716,1676.650,  3.643,  0.217
201.000, 15.000,  6.797, 16.467, 38.940,1194.950,  3.341,  0.218
201.000, 15.500,  8.696, 15.277, 38.610,1212.800,  3.365,  0.218
201.000, 16.000,  6.584, 14.116, 39.104,810.508,  2.812,  0.218
201.000, 16.500,  5.743, 13.520, 38.853,1006.260,  3.351,  0.218
201.000, 17.000,  4.971,  4.487, 38.524,154.270,  3.321,  0.218
201.000, 17.500,  3.716,  9.878, 38.863,525.607,  3.841,  0.218
201.000, 18.000,  2.379,  2.256, 37.972, 74.999,  2.226,  0.218
201.000, 18.500,  3.151,  2.997, 38.403,103.436,  2.281,  0.218
201.000, 19.000,    nan,  0.130, 36.525,  4.633,  2.656,  0.218
201.000, 19.500,  0.713,  0.000, 37.232, 33.389,  2.352,  0.218
201.000, 20.000, -0.207,  0.000, 34.669,  0.039,  2.023,  0.218
201.000, 20.500,    nan,  0.000, 35.630,  0.227,  1.555,  0.218
201.000, 21.000,  0.071,  0.000, 33.000,  0.059,  2.390,  0.218
201.000, 21.500,  0.154,  0.000, 33.904,  0.050,  2.519,  0.218
201.000, 22.000,  0.102,  0.000, 31.185,  0.065,  2.529,  0.217
201.000, 22.500, -0.061,  0.000, 31.850,  0.061,  2.334,  0.218
201.000, 23.000,    nan,    nan,    nan,    nan,    nan,    nan
201.000, 23.500, -0.052,    nan, 30.621,  0.074,  2.345,  0.217
202.000,  0.000,  0.034,  0.000, 28.935,  0.086,  1.914,  0.217
202.000,  0.500,  0.036,  0.000, 29.546,  0.083,  2.310,  0.217
202.000,  1.000,    nan,  0.000, 27.935,  0.091,  1.240,  0.216
202.000,  1.500,    nan,  0.000, 28.203,  0.087,  1.550,  0.217
202.000,  2.000,  0.018,  0.000, 26.326,  0.096,  1.669,  0.216
202.000,  2.500,  0.018,  0.000, 27.145,  0.095,  1.241,  0.216
202.000,  3.000,    nan,  0.000, 25.437,  0.100,  0.883,  0.216
202.000,  3.500,    nan,  0.000, 25.951,  0.094,  1.159,  0.216
202.000,  4.000,    nan,  0.000, 24.521,  2.400,  0.855,  0.215
202.000,  4.500,    nan,  0.000, 25.155,  0.110,  0.763,  0.216
202.000,  5.000,    nan,  0.556, 24.070,147.913,  1.360,  0.215
202.000,  5.500, -0.017,  0.207, 24.086, 33.413,  1.020,  0.215
202.000,  6.000,  0.922,  1.714, 24.827,531.923,  2.535,  0.215
202.000,  6.500,  0.452,  1.783, 24.512,331.516,  1.950,  0.215
202.000,  7.000,  1.619,  3.059, 26.025,931.570,  2.382,  0.214
202.000,  7.500,  1.252,  3.181, 25.472,735.615,  2.547,  0.214
202.000,  8.000,  3.762,  4.798, 27.757,1322.930,  1.651,  0.214
202.000,  8.500,  3.370,  4.230, 26.447,1132.560,  2.605,  0.214
202.000,  9.000,  2.955,  6.048, 28.921,1647.840,  1.772,  0.214
202.000,  9.500,  3.180,  5.742, 28.132,1519.950,  2.030,  0.214
202.000, 10.000,  3.584,  6.749, 29.581,1885.630,  2.372,  0.214
202.000, 10.500,  3.449,  6.571, 29.272,1783.340,  2.262,  0.214
202.000, 11.000,  5.996,  7.390, 30.271,2016.770,  2.264,  0.215
202.000, 11.500,  4.559,  6.537, 29.107,1975.050,  2.832,  0.215
202.000, 12.000,  3.491,  7.777, 30.958,2011.430,  2.862,  0.215
202.000, 12.500,  4.917,  7.247, 30.227,2031.520,  3.614,  0.215
202.000, 13.000,    nan,  7.866, 31.471,1739.270,  2.943,  0.216
202.000, 13.500,  4.013,  7.959, 31.515,1873.000,  2.389,  0.216
202.000, 14.000,  5.560,  7.454, 31.328,1563.300,  3.518,  0.216
202.000, 14.500,  5.353,  7.608, 31.612,1680.970,  3.187,  0.216
202.000, 15.000,  4.673,  6.501, 30.811,1228.210,  3.640,  0.216
202.000, 15.500,  5.349,  6.227, 30.644,1407.420,  4.293,  0.216
202.000, 16.000,  3.189,  5.615, 30.865,838.192,  3.426,  0.216
202.000, 16.500,  4.428,  5.285, 30.825,1035.780,  3.550,  0.216
202.000, 17.000,  2.080,  1.687, 30.438,151.049,  3.607,  0.216
202.000, 17.500,  2.428,  3.854, 30.637,542.585,  3.484,  0.216
202.000, 18.000,  0.825,  0.808, 30.134, 71.540,  2.722,  0.216
202.000, 18.500,  1.839,  1.114, 30.304, 99.812,  3.429,  0.216
202.000, 19.000,  0.105,  0.045, 29.217,  4.305,  1.985,  0.215
202.000, 19.500,  0.254,  0.000, 29.736, 31.809,  1.956,  0.216
202.000, 20.000,    nan,  0.000, 28.414,  0.105,  2.404,  0.215
202.000, 20.500,    nan,  0.000, 29.053,  0.272,  1.959,  0.215
202.000, 21.000,    nan,  0.000, 26.879,  0.107,  2.268,  0.215
202.000, 21.500,    nan,  0.000, 27.399,  0.104,  2.966,  0.215
202.000, 22.000,    nan,  0.000, 25.966,  0.109,  2.152,  0.214
202.000, 22.500,    nan,  0.000, 26.439,  0.106,  2.162,  0.215
202.000, 23.000,    nan,    nan,    nan,    nan,    nan,    nan
202.000, 23.500,    nan,    nan, 25.591,  0.111,  2.298,  0.214
203.000,  0.000,    nan,  0.000, 24.098,  0.113,  1.555,  0.214
203.000,  0.500,    nan,  0.000, 24.326,  0.110,  2.337,  0.214
203.000,  1.000,    nan,  0.000, 23.898,  0.117,  2.104,  0.213
203.000,  1.500,    nan,  0.000, 24.134,  0.110,  1.853,  0.213
203.000,  2.000,    nan,  0.000, 22.993,  0.112,  2.220,  0.213
203.000,  2.500,    nan,  0.000, 23.508,  0.109,  2.205,  0.213
203.000,  3.000,    nan,  0.000, 22.427,  0.109,  2.561,  0.213
203.000,  3.500,  0.010,  0.000, 22.672,  0.111,  1.558,  0.213
203.000,  4.000,    nan,  0.000, 22.229,  2.053,  2.179,  0.212
203.000,  4.500,    nan,  0.000, 22.124,  0.117,  2.755,  0.212
203.000,  5.000, -0.074,  0.442, 22.096,140.529,  2.067,  0.212
203.000,  5.500,    nan,  0.165, 22.330, 31.801,  1.868,  0.212
203.000,  6.000,  0.861,  1.451, 22.808,511.934,  1.771,  0.212
203.000,  6.500,  0.669,  1.321, 22.004,312.149,  1.646,  0.212
203.000,  7.000,  4.470,  3.779, 27.243,922.161,  2.009,  0.211
203.000,  7.500,  3.464,  3.510, 25.590,720.630,  1.201,  0.212
203.000,  8.000,  6.019,  5.226, 28.561,1303.350,  2.792,  0.211
203.000,  8.500,  5.217,  5.362, 28.104,1122.550,  2.874,  0.211
203.000,  9.000,  6.516,  6.669, 29.953,1636.080,  2.353,  0.212
203.000,  9.500,  6.509,  6.238, 29.189,1477.650,  2.571,  0.212
203.000, 10.000,  5.633,  7.668, 31.369,1830.550,  2.449,  0.212
203.000, 10.500,    nan,  7.598, 30.932,1736.080,  2.692,  0.212
203.000, 11.000,    nan,  8.797, 33.085,1888.310,  2.349,  0.213
203.000, 11.500,  6.035,  8.430, 32.191,1869.550,  2.036,  0.212
203.000, 12.000,  8.742,  9.678, 34.440,1937.980,  1.951,  0.213
203.000, 12.500,  6.890,  9.071, 33.760,1886.090,  2.215,  0.213
203.000, 13.000,  6.880,  9.639, 35.051,1664.880,  2.275,  0.214
203.000, 13.500,  4.100,  9.623, 34.709,1873.750,  2.035,  0.214
203.000, 14.000,  8.146, 10.172, 36.057,1449.930,  2.243,  0.214
203.000, 14.500,  9.723,  9.565, 35.472,1648.110,  1.896,  0.214
203.000, 15.000,  8.290,  8.861, 35.745,984.017,  2.916,  0.214
203.000, 15.500,  9.353,  9.093, 35.911,1130.800,  2.612,  0.214
203.000, 16.000,  5.000,  6.786, 35.446,574.768,  2.435,  0.215
203.000, 16.500,  5.290,  6.821, 35.455,590.267,  2.527,  0.215
203.000, 17.000,  2.858,  3.908, 35.102,240.744,  2.690,  0.215
203.000, 17.500,  6.552,  5.957, 35.680,520.550,  2.352,  0.215
203.000, 18.000,  1.487,  2.070, 34.506,124.535,  2.161,  0.215
203.000, 18.500,  3.719,  3.166, 34.844,207.615,  2.479,  0.215
203.000, 19.000,    nan,  0.072, 33.025,  4.555,  2.626,  0.215
203.000, 19.500,  0.701,  0.000, 33.857, 42.428,  2.291,  0.215
203.000, 20.000,    nan,  0.000, 31.498,  0.080,  2.096,  0.215
203.000, 20.500,    nan,  0.000, 32.351,  0.220,  2.107,  0.215
203.000, 21.000,    nan,  0.000, 30.076,  0.095,  1.960,  0.214
203.000, 21.500,    nan,  0.000, 30.475,  0.088,  2.134,  0.214
203.000, 22.000,    nan,  0.000, 29.582,  0.093,  1.843,  0.214
203.000, 22.500,    nan,  0.000, 30.030,  0.099,  2.195,  0.214
203.000, 23.000,    nan,    nan,    nan,    nan,    nan,    nan
203.000, 23.500,    nan,    nan, 29.509,  0.094,  2.262,  0.214
204.000,  0.000,    nan,  0.000, 27.913,  0.096,  2.436,  0.213
204.000,  0.500,    nan,  0.000, 28.305,  0.094,  2.294,  0.214
204.000,  1.000,    nan,  0.000, 27.350,  0.101,  1.843,  0.213
204.000,  1.500,    nan,  0.000, 27.716,  0.101,  2.049,  0.213
204.000,  2.000,    nan,  0.000, 26.597,  0.104,  2.209,  0.213
204.000,  2.500,    nan,  0.000, 27.068,  0.106,  1.721,  0.213
204.000,  3.000,    nan,  0.000, 26.014,  0.103,  2.531,  0.212
204.000,  3.500,    nan,  0.000, 26.224,  0.102,  2.924,  0.213
204.000,  4.000,    nan,  0.000, 26.033,  1.843,  1.565,  0.212
204.000,  4.500,    nan,  0.000, 26.019,  0.112,  1.300,  0.212
204.000,  5.000,    nan,  0.604, 25.092,140.119,  2.599,  0.212
204.000,  5.500,    nan,  0.235, 25.465, 31.227,  2.483,  0.212
204.000,  6.000,    nan,  2.039, 25.769,508.775,  1.342,  0.211
204.000,  6.500,    nan,  1.843, 25.069,313.376,  2.170,  0.211
204.000,  7.000,  3.394,  4.323, 28.145,905.944,  1.879,  0.211
204.000,  7.500,  3.440,  4.046, 27.047,711.902,  1.496,  0.211
204.000,  8.000,  5.991,  7.583, 30.816,1263.900,  2.914,  0.211
204.000,  8.500,  4.818,  6.657, 29.293,1078.900,  2.385,  0.211
204.000,  9.000,  6.805,  9.987, 32.546,1582.280,  2.625,  0.211
204.000,  9.500,  6.649,  9.757, 31.846,1432.420,  3.047,  0.211
204.000, 10.000,  8.345, 11.644, 34.126,1823.990,  2.040,  0.212
204.000, 10.500,  8.720, 11.164, 33.319,1715.920,  2.495,  0.212
204.000, 11.000,    nan, 12.439, 35.638,1824.900,  1.533,  0.213
204.000, 11.500,  9.810, 12.192, 35.051,1716.480,  0.999,  0.212
204.000, 12.000, 10.313, 14.513, 36.931,1876.970,  3.002,  0.213
204.000, 12.500,  7.989, 13.279, 36.106,1876.420,  2.635,  0.213
204.000, 13.000,  9.858, 14.002, 37.576,1707.140,  2.990,  0.214
204.000, 13.500,  8.858, 13.867, 37.185,1844.470,  3.482,  0.214
204.000, 14.000,  8.964, 13.385, 38.245,1436.300,  2.941,  0.214
204.000, 14.500,  9.598, 12.964, 37.935,1468.060,  3.233,  0.214
204.000, 15.000,    nan, 13.124, 38.778,1134.340,  2.875,  0.215
204.000, 15.500,  7.132, 12.769, 38.501,1314.150,  2.800,  0.214
204.000, 16.000,  5.561, 11.095, 38.903,744.152,  3.222,  0.215
204.000, 16.500,  5.961, 10.866, 38.823,946.698,  3.209,  0.215
204.000, 17.000,  2.478,  4.755, 38.365,189.746,  3.183,  0.215
204.000, 17.500,  4.246,  8.309, 38.639,478.447,  3.244,  0.215
204.000, 18.000,  0.634,  2.167, 37.682, 80.588,  2.137,  0.215
204.000, 18.500,  2.014,  3.288, 38.026,125.778,  3.215,  0.215
204.000, 19.000,    nan,  0.090, 36.545,  3.530,  2.104,  0.215
204.000, 19.500,    nan,  0.000, 37.464, 29.967,  2.079,  0.215
204.000, 20.000,    nan,  0.000, 35.093,  0.033,  2.509,  0.215
204.000, 20.500,    nan,  0.000, 35.912,  0.160,  2.107,  0.215
204.000, 21.000,    nan,  0.000, 34.172,  0.054,  2.902,  0.215
204.000, 21.500,    nan,  0.000, 34.344,  0.042,  2.732,  0.215
204.000, 22.000, -0.169,  0.000, 32.730,  0.059,  2.788,  0.214
204.000, 22.500,    nan,  0.000, 33.626,  0.060,  3.195,  0.214
204.000, 23.000,    nan,    nan,    nan,    nan,    nan,    nan
204.000, 23.500,  0.116,    nan, 32.523,  0.064,  3.098,  0.214
205.000,  0.000,    nan,  0.000, 30.762,  0.074,  3.544,  0.214
205.000,  0.500,  0.119,  0.000, 31.228,  0.067,  3.259,  0.214
205.000,  1.000,  0.263,  0.000, 29.941,  0.080,  3.622,  0.213
205.000,  1.500,  0.289,  0.000, 30.364,  0.073,  3.781,  0.214
205.000,  2.000, -0.070,  0.000, 29.678,  0.086,  2.932,  0.213
205.000,  2.500, -0.117,  0.000, 29.824,  0.082,  3.039,  0.213
205.000,  3.000,  0.115,  0.000, 29.175,  0.087,  2.945,  0.213
205.000,  3.500,  0.086,  0.000, 29.472,  0.083,  2.880,  0.213
205.000,  4.000, -0.045,  0.000, 28.552,  1.452,  2.840,  0.213
205.000,  4.500,  0.108,  0.000, 28.881,  0.093,  2.853,  0.213
205.000,  5.000,  0.399,  1.132, 28.000,123.498,  2.651,  0.212
205.000,  5.500,  0.102,  0.386, 28.284, 26.724,  2.696,  0.212
205.000,  6.000,    nan,  3.911, 29.104,476.742,  2.429,  0.212
205.000,  6.500,  1.022,  3.543, 28.377,286.339,  2.222,  0.212
205.000,  7.000,  3.292,  8.095, 31.811,875.413,  2.824,  0.212
205.000,  7.500,  2.145,  7.588, 30.202,675.579,  3.233,  0.212
205.000,  8.000,  6.280, 12.356, 33.927,1250.640,  4.153,  0.212
205.000,  8.500,  4.938, 11.986, 32.904,1066.780,  3.527,  0.212
205.000,  9.000,  7.526, 15.666, 35.569,1559.380,  3.797,  0.213
205.000,  9.500,  7.859, 15.331, 34.831,1415.440,  4.031,  0.212
205.000, 10.000,  9.215, 18.827, 37.311,1779.050,  2.519,  0.213
205.000, 10.500,  6.102, 17.889, 36.334,1685.210,  3.694,  0.213
205.000, 11.000,  8.481, 19.814, 38.437,1913.740,  2.177,  0.214
205.000, 11.500,  8.241, 20.498, 38.249,1872.620,  2.632,  0.213
205.000, 12.000,  7.310, 19.823, 38.943,1879.180,  2.998,  0.215
205.000, 12.500,  8.465, 19.649, 38.435,1914.940,  3.742,  0.215
205.000, 13.000,  8.146, 20.124, 39.785,1740.380,  2.282,  0.215
205.000, 13.500,  7.512, 19.749, 39.435,1832.850,  2.439,  0.215
205.000, 14.000,  7.391, 18.959, 39.935,1369.460,  2.660,  0.216
205.000, 14.500,  8.425, 19.262, 39.965,1631.000,  2.857,  0.215
205.000, 15.000,  7.352, 17.775, 40.205,1113.300,  2.991,  0.216
205.000, 15.500,  7.149, 17.608, 40.259,1125.850,  3.145,  0.216
205.000, 16.000,  4.823, 15.212, 40.485,747.113,  2.530,  0.216
205.000, 16.500,  6.753, 14.459, 40.397,949.360,  2.114,  0.216
205.000, 17.000,  4.564,  6.969, 40.331,195.362,  1.902,  0.216
205.000, 17.500,  5.614, 11.402, 40.427,472.169,  1.694,  0.216
205.000, 18.000,  0.961,  3.204, 39.788, 81.383,  2.081,  0.216
205.000, 18.500,  4.019,  4.874, 40.111,132.131,  1.990,  0.216
205.000, 19.000,    nan,  0.135, 39.005,  3.506,  2.325,  0.216
205.000, 19.500,    nan,  0.000, 39.284, 29.908,  2.186,  0.216
205.000, 20.000, -0.180,  0.000, 37.135,  0.017,  3.000,  0.216
205.000, 20.500,    nan,  0.000, 37.900,  0.136,  2.452,  0.216
205.000, 21.000,  0.101,  0.000, 35.486,  0.035,  2.785,  0.216
205.000, 21.500,  0.136,  0.000, 36.544,  0.027,  2.780,  0.216
205.000, 22.000,  0.200,  0.000, 34.449,  0.053,  2.828,  0.215
205.000, 22.500,  0.180,  0.000, 34.876,  0.046,  2.751,  0.215
205.000, 23.000,    nan,    nan,    nan,    nan,    nan,    nan
205.000, 23.500, -0.116,    nan, 34.049,  0.053,  2.916,  0.215
206.000,  0.000,    nan,  0.000, 32.419,  0.066,  3.221,  0.215
206.000,  0.500, -0.147,  0.000, 33.153,  0.063,  2.825,  0.215
206.000,  1.000, -0.062,  0.000, 31.313,  0.069,  2.871,  0.215
206.000,  1.500,    nan,  0.000, 31.914,  0.067,  3.321,  0.215
206.000,  2.000,  0.103,  0.000, 30.826,  0.078,  2.888,  0.214
206.000,  2.500,  0.126,  0.000, 31.031,  0.070,  2.759,  0.214
206.000,  3.000,  0.094,  0.000, 30.319,  0.085,  2.836,  0.214
206.000,  3.500, -0.068,  0.000, 30.630,  0.079,  2.828,  0.214
206.000,  4.000,  0.093,  0.000, 29.865,  1.277,  2.613,  0.214
206.000,  4.500, -0.091,  0.000, 30.145,  0.087,  2.592,  0.214
206.000,  5.000,  0.226,  1.191, 29.280,121.883,  2.217,  0.213
206.000,  5.500,  0.065,  0.406, 29.455, 25.513,  2.349,  0.213
206.000,  6.000,  1.454,  4.423, 30.706,475.490,  2.748,  0.213
206.000,  6.500,  1.052,  3.960, 29.792,286.889,  2.438,  0.213
206.000,  7.000,  3.024,  8.402, 32.636,879.964,  3.257,  0.213
206.000,  7.500,  2.308,  8.388, 31.683,678.007,  2.803,  0.213
206.000,  8.000,  5.511, 12.550, 34.513,1254.390,  3.664,  0.213
206.000,  8.500,  4.824, 12.076, 33.415,1077.730,  3.864,  0.213
206.000,  9.000,  6.219, 16.409, 36.370,1559.840,  2.760,  0.213
206.000,  9.500,  4.664, 15.587, 35.359,1414.490,  3.231,  0.213
206.000, 10.000,  5.020, 18.616, 37.375,1718.950,  2.517,  0.213
206.000, 10.500,  7.224, 18.192, 36.836,1680.360,  2.527,  0.213
206.000, 11.000,  7.668, 19.079, 38.178,1609.980,  2.262,  0.214
206.000, 11.500,  8.893, 19.796, 37.951,1791.000,  2.149,  0.214
206.000, 12.000,  8.307, 20.259, 38.771,1905.850,  2.576,  0.215
206.000, 12.500,  6.571, 19.208, 38.349,1461.120,  2.895,  0.215
206.000, 13.000,  5.700, 18.783, 39.129,1255.190,  3.044,  0.215
206.000, 13.500,  9.021, 20.502, 39.318,1783.740,  2.861,  0.215
206.000, 14.000,  7.137, 19.032, 39.752,1233.240,  2.956,  0.215
206.000, 14.500,  7.282, 18.093, 39.338,1203.230,  2.254,  0.215
206.000, 15.000,  5.941, 17.946, 40.264,1169.900,  2.938,  0.216
206.000, 15.500,  5.757, 16.968, 39.863,1304.140,  2.834,  0.216
206.000, 16.000,  4.654, 15.703, 40.175,767.204,  3.008,  0.216
206.000, 16.500,  5.852, 15.237, 40.404,954.280,  2.545,  0.216
206.000, 17.000,  4.150,  6.287, 40.065,174.745,  2.109,  0.216
206.000, 17.500,  5.312, 11.761, 40.192,479.735,  3.051,  0.216
206.000, 18.000,  1.871,  2.896, 39.320, 76.916,  2.233,  0.216
206.000, 18.500,  2.176,  4.359, 39.847,118.891,  2.308,  0.216
206.000, 19.000,    nan,  0.110, 37.841,  3.147,  2.147,  0.216
206.000, 19.500,  0.866,  0.000, 38.533, 28.209,  2.425,  0.216
206.000, 20.000,    nan,  0.000, 36.623,  0.021,  2.176,  0.216
206.000, 20.500,    nan,  0.000, 37.241,  0.120,  2.307,  0.216
206.000, 21.000,    nan,  0.000, 35.623,  0.039,  2.270,  0.215
206.000, 21.500,    nan,  0.000, 36.219,  0.033,  2.570,  0.215
206.000, 22.000,    nan,    nan,    nan,    nan,    nan,    nan
206.000, 22.500,    nan,    nan, 34.912,  0.045,  2.638,  0.215
206.000, 23.000,  0.067,  0.000, 33.639,  0.061,  3.190,  0.215
206.000, 23.500,  0.105,  0.000, 34.107,  0.057,  2.825,  0.215
207.000,  0.000,  0.127,  0.000, 32.323,  0.064,  2.444,  0.214
207.000,  0.500,  0.249,  0.000, 32.830,  0.060,  3.172,  0.214
207.000,  1.000, -0.076,  0.000, 32.576,  0.074,  2.525,  0.214
207.000,  1.500,  0.111,  0.000, 32.280,  0.070,  2.424,  0.214
207.000,  2.000, -0.102,  0.000, 32.322,  0.078,  2.616,  0.214
207.000,  2.500,  0.067,  0.000, 32.441,  0.076,  2.754,  0.214
207.000,  3.000, -0.118,  0.000, 31.756,  0.081,  2.906,  0.213
207.000,  3.500, -0.047,  0.000, 31.968,  0.076,  2.455,  0.214
207.000,  4.000,  0.081,  0.000, 31.383,  1.169,  2.927,  0.213
207.000,  4.500, -0.059,  0.000, 31.537,  0.079,  3.288,  0.213
207.000,  5.000,  0.432,  1.324, 30.789,124.132,  2.227,  0.213
207.000,  5.500, -0.083,  0.500, 30.942, 25.920,  2.835,  0.213
207.000,  6.000,  2.454,  4.795, 31.585,502.190,  3.630,  0.213
207.000,  6.500,  0.984,  4.607, 30.920,297.152,  2.821,  0.213
207.000,  7.000,  4.113,  8.872, 33.106,912.848,  3.861,  0.212
207.000,  7.500,  3.465,  8.983, 32.241,708.007,  4.064,  0.213
207.000,  8.000,  4.950, 12.612, 34.472,1289.860,  5.487,  0.213
207.000,  8.500,  6.329, 12.671, 33.889,1112.730,  4.601,  0.213
207.000,  9.000,  5.772, 16.184, 36.121,1608.660,  4.726,  0.213
207.000,  9.500,  5.926, 15.556, 35.276,1454.260,  5.039,  0.213
207.000, 10.000,  8.044, 18.421, 37.082,1834.160,  4.430,  0.213
207.000, 10.500,  8.572, 17.907, 36.611,1736.010,  4.758,  0.213
207.000, 11.000,  6.586, 19.233, 37.806,1811.670,  4.309,  0.214
207.000, 11.500,  7.167, 19.197, 37.767,1702.170,  3.552,  0.214
207.000, 12.000,  7.920, 20.061, 38.674,1866.620,  4.908,  0.215
207.000, 12.500,  7.290, 21.184, 39.000,1990.170,  4.005,  0.214
207.000, 13.000,  8.402, 20.691, 39.711,1774.810,  4.012,  0.215
207.000, 13.500,  8.900, 20.321, 39.219,1838.630,  4.170,  0.215
207.000, 14.000,  7.213, 20.491, 40.386,1582.020,  3.614,  0.215
207.000, 14.500,  9.192, 20.106, 39.888,1702.360,  4.229,  0.215
207.000, 15.000,  7.408, 19.049, 40.587,1221.090,  4.523,  0.216
207.000, 15.500,  8.074, 18.802, 40.917,1343.600,  3.401,  0.216
207.000, 16.000,  5.098, 15.828, 40.597,709.151,  3.775,  0.216
207.000, 16.500,  4.650, 15.434, 40.453,878.857,  3.985,  0.216
207.000, 17.000,  3.039,  6.509, 40.514,165.224,  3.740,  0.216
207.000, 17.500,  5.498, 12.324, 40.654,473.411,  4.439,  0.216
207.000, 18.000,  1.824,  3.029, 39.784, 75.228,  2.639,  0.216
207.000, 18.500,  2.433,  4.412, 40.350,111.129,  3.115,  0.216
207.000, 19.000,    nan,  0.093, 38.201,  2.495,  2.930,  0.216
207.000, 19.500,  0.296,  0.000, 38.976, 25.811,  2.519,  0.216
207.000, 20.000,  0.181,  0.000, 36.758,  0.014,  3.323,  0.215
207.000, 20.500,  0.140,  0.000, 37.462,  0.075,  3.286,  0.215
207.000, 21.000,  0.186,  0.000, 35.577,  0.035,  2.938,  0.215
207.000, 21.500, -0.097,  0.000, 36.156,  0.024,  3.226,  0.215
207.000, 22.000,  0.234,  0.000, 35.108,  0.050,  3.275,  0.215
207.000, 22.500, -0.099,  0.000, 35.200,  0.040,  3.099,  0.215
207.000, 23.000,    nan,    nan,    nan,    nan,    nan,    nan
207.000, 23.500, -0.112,    nan, 34.850,  0.053,  3.105,  0.215
208.000,  0.000,  0.180,  0.000, 33.832,  0.055,  3.132,  0.214
208.000,  0.500,    nan,  0.000, 34.127,  0.056,  2.895,  0.214
208.000,  1.000,  0.134,  0.000, 33.571,  0.061,  2.911,  0.214
208.000,  1.500, -0.119,  0.000, 33.743,  0.061,  3.491,  0.214
208.000,  2.000, -0.071,  0.000, 31.277,  0.059,  5.859,  0.214
208.000,  2.500,    nan,  0.000, 33.562,  0.062,  4.500,  0.214
208.000,  3.000,  0.060,  0.000, 27.853,  0.070,  2.676,  0.213
208.000,  3.500, -0.080,  0.000, 28.952,  0.052,  3.748,  0.213
208.000,  4.000,  0.062,  0.000, 25.935,  0.103,  2.313,  0.213
208.000,  4.500,    nan,  0.000, 27.319,  0.079,  2.838,  0.213
208.000,  5.000,    nan,  0.027, 24.927,  3.380,  0.799,  0.213
208.000,  5.500,  0.011,  0.006, 25.003,  0.701,  0.699,  0.213
208.000,  6.000,    nan,  0.161, 24.842, 19.734,  2.011,  0.212
208.000,  6.500,    nan,  0.181, 24.914, 21.719,  0.790,  0.212
208.000,  7.000,  0.472,  2.214, 25.278,294.835,  2.431,  0.212
208.000,  7.500,  0.240,  0.896, 24.886,110.572,  2.545,  0.212
208.000,  8.000,  1.210,  5.009, 26.378,943.164,  1.858,  0.212
208.000,  8.500,  0.863,  3.256, 25.683,449.812,  1.616,  0.212
208.000,  9.000,  3.182,  7.177, 28.511,1230.350,  2.039,  0.212
208.000,  9.500,  3.067,  6.817, 27.728,1211.880,  2.482,  0.212
208.000, 10.000,  7.272,  9.600, 31.231,1417.680,  2.319,  0.212
208.000, 10.500,  7.271,  8.851, 29.825,1386.720,  2.149,  0.212
208.000, 11.000,  5.972,  7.666, 31.776,693.180,  2.761,  0.212
208.000, 11.500,  4.822,  7.682, 31.340,766.069,  2.938,  0.212
208.000, 12.000,  1.557,  4.285, 31.872,271.043,  2.096,  0.212
208.000, 12.500,  2.671,  5.315, 31.963,366.509,  2.163,  0.212
208.000, 13.000,  5.434, 10.526, 32.951,1111.100,  2.271,  0.212
208.000, 13.500,  3.757,  9.409, 31.795,1123.520,  3.545,  0.212
208.000, 14.000,  4.490,  8.154, 32.559,688.870,  2.600,  0.213
208.000, 14.500,    nan,  9.112, 33.067,826.833,  1.910,  0.212
208.000, 15.000,  4.341,  9.813, 33.089,985.936,  1.853,  0.213
208.000, 15.500,  4.825,  6.575, 32.482,486.974,  2.084,  0.213
208.000, 16.000,  4.166,  8.754, 33.670,838.215,  3.053,  0.213
208.000, 16.500,  4.917,  8.008, 33.456,778.256,  2.682,  0.213
208.000, 17.000,  3.356,  3.884, 33.472,242.579,  2.672,  0.213
208.000, 17.500,  4.020,  5.726, 33.406,534.627,  3.642,  0.213
208.000, 18.000,  2.046,  1.882, 32.888,110.620,  2.440,  0.213
208.000, 18.500,  2.111,  2.922, 33.350,190.333,  2.076,  0.213
208.000, 19.000,    nan,  0.065, 31.865,  3.770,  2.364,  0.213
208.000, 19.500,  0.407,  0.000, 32.308, 35.531,  2.055,  0.213
208.000, 20.000,    nan,  0.000, 31.502,  0.082,  1.313,  0.213
208.000, 20.500,    nan,  0.000, 31.739,  0.204,  2.139,  0.213
208.000, 21.000,    nan,  0.000, 30.343,  0.091,  2.011,  0.212
208.000, 21.500,    nan,  0.000, 31.489,  0.092,  1.536,  0.213
208.000, 22.000,    nan,  0.000, 28.012,  0.098,  1.286,  0.212
208.000, 22.500,    nan,  0.000, 29.093,  0.097,  1.746,  0.212
208.000, 23.000,    nan,    nan,    nan,    nan,    nan,    nan
208.000, 23.500,    nan,    nan, 28.409,  0.098,  1.339,  0.212
209.000,  0.000,    nan,  0.000, 26.918,  0.108,  2.333,  0.212
209.000,  0.500,    nan,  0.000, 28.349,  0.111,  2.292,  0.212
209.000,  1.000,    nan,  0.000, 25.847,  0.104,  2.239,  0.211
209.000,  1.500,    nan,  0.000, 26.507,  0.102,  1.718,  0.211
209.000,  2.000,    nan,  0.000, 26.270,  0.111,  3.395,  0.211
209.000,  2.500,    nan,  0.000, 26.018,  0.108,  3.128,  0.211
209.000,  3.000,    nan,  0.000, 26.351,  0.110,  2.298,  0.211
209.000,  3.500,    nan,  0.000, 26.184,  0.109,  3.203,  0.211
209.000,  4.000,  0.035,  0.000, 25.602,  1.081,  2.884,  0.210
209.000,  4.500,    nan,  0.000, 26.178,  0.113,  2.740,  0.210
209.000,  5.000, -0.060,  0.556, 25.379, 96.892,  2.708,  0.210
209.000,  5.500, -0.013,  0.189, 25.360, 23.426,  2.808,  0.210
209.000,  6.000,  0.866,  2.143, 26.170,498.131,  1.837,  0.210
209.000,  6.500,  0.397,  2.255, 25.792,325.201,  2.670,  0.210
209.000,  7.000,  2.760,  4.731, 29.117,910.591,  2.756,  0.210
209.000,  7.500,  1.413,  4.526, 27.550,708.174,  2.123,  0.210
209.000,  8.000,  3.954,  7.587, 31.650,1259.820,  3.123,  0.210
209.000,  8.500,  3.434,  7.390, 30.717,1097.030,  2.742,  0.210
209.000,  9.000,  4.483,  8.517, 32.122,1597.730,  3.221,  0.210
209.000,  9.500,  5.438,  8.642, 31.671,1446.520,  3.930,  0.210
209.000, 10.000,  4.473,  9.743, 33.190,1837.290,  2.469,  0.211
209.000, 10.500,  3.677,  9.629, 32.710,1724.240,  2.786,  0.210
209.000, 11.000,  6.874, 10.182, 33.924,1919.070,  3.198,  0.211
209.000, 11.500,  4.216,  9.693, 33.476,1658.130,  3.297,  0.211
209.000, 12.000,  4.385, 10.612, 34.928,1944.070,  3.687,  0.212
209.000, 12.500,  3.895, 10.407, 34.281,1939.290,  3.451,  0.212
209.000, 13.000,  4.762, 10.134, 34.881,1775.390,  4.464,  0.212
209.000, 13.500,  6.077,  9.900, 34.657,1872.380,  4.263,  0.212
209.000, 14.000,  4.235,  9.355, 34.886,1524.330,  4.968,  0.212
209.000, 14.500,  5.049,  9.269, 34.857,1666.060,  3.941,  0.212
209.000, 15.000,  4.003,  8.457, 34.709,1192.800,  4.207,  0.212
209.000, 15.500,  3.412,  8.244, 34.598,1363.880,  4.865,  0.212
209.000, 16.000,  3.243,  7.038, 34.285,807.586,  3.315,  0.212
209.000, 16.500,  3.799,  6.817, 34.306,1004.400,  3.768,  0.212
209.000, 17.000,  1.944,  2.163, 33.698,138.859,  2.726,  0.212
209.000, 17.500,  2.778,  4.854, 33.966,467.222,  2.932,  0.212
209.000, 18.000,  0.933,  0.967, 32.859, 65.221,  1.896,  0.212
209.000, 18.500,  1.677,  1.445, 33.461, 94.491,  2.145,  0.212
209.000, 19.000,    nan,  0.031, 31.194,  2.605,  0.980,  0.212
209.000, 19.500,    nan,  0.000, 31.996, 24.874,  1.112,  0.212
209.000, 20.000,    nan,  0.000, 30.545,  0.088,  2.704,  0.212
209.000, 20.500,    nan,  0.000, 31.084,  0.156,  1.927,  0.212
209.000, 21.000,    nan,  0.000, 28.854,  0.091,  0.848,  0.211
209.000, 21.500,    nan,  0.000, 28.715,  0.085,  1.564,  0.212
209.000, 22.000,  0.028,  0.000, 27.291,  0.098,  1.696,  0.211
209.000, 22.500,  0.036,  0.000, 28.104,  0.092,  1.324,  0.211
209.000, 23.000,    nan,    nan,    nan,    nan,    nan,    nan
209.000, 23.500,  0.019,    nan, 26.557,  0.099,  1.585,  0.211
210.000,  0.000,  0.022,  0.000, 25.329,  0.101,  1.560,  0.210
210.000,  0.500,  0.014,  0.000, 25.794,  0.098,  1.456,  0.210
210.000,  1.000,  0.018,  0.000, 24.238,  0.101,  1.811,  0.210
210.000,  1.500,  0.021,  0.000, 24.604,  0.102,  1.673,  0.210
210.000,  2.000,    nan,  0.000, 23.051,  0.097,  1.973,  0.210
210.000,  2.500,    nan,  0.000, 23.011,  0.097,  1.873,  0.210
210.000,  3.000,    nan,  0.000, 22.446,  0.099,  1.803,  0.209
210.000,  3.500,    nan,  0.000, 22.983,  0.101,  1.668,  0.209
210.000,  4.000,    nan,  0.000, 22.334,  1.007,  1.725,  0.209
210.000,  4.500,    nan,  0.000, 22.265,  0.104,  1.821,  0.209
210.000,  5.000,    nan,  0.266, 21.882,129.948,  1.502,  0.208
210.000,  5.500,    nan,  0.110, 22.388, 24.812,  1.497,  0.209
210.000,  6.000,  1.195,  1.130, 22.450,504.822,  1.175,  0.208
210.000,  6.500,    nan,  1.009, 21.309,307.734,  1.140,  0.208
210.000,  7.000,  2.092,  2.590, 25.547,908.884,  1.626,  0.208
210.000,  7.500,  1.396,  2.435, 24.085,708.204,  1.465,  0.208
210.000,  8.000,    nan,    nan,    nan,    nan,    nan,    nan
210.000,  8.500,  2.358,    nan, 26.852,1107.710,  1.302,  0.208
210.000,  9.000,  4.138,  5.511, 29.555,1626.980,  1.404,  0.208
210.000,  9.500,    nan,    nan,    nan,    nan,    nan,    nan
210.000, 10.000,    nan,    nan,    nan,    nan,    nan,    nan
210.000, 10.500,  4.026,    nan, 30.492,1543.130,  1.027,  0.208
210.000, 11.000,  1.948,  7.843, 32.516,1946.960,  0.989,  0.210
210.000, 11.500,  3.190,  7.048, 31.473,1893.560,  0.974,  0.209
210.000, 12.000,    nan,    nan,    nan,    nan,    nan,    nan
210.000, 12.500,  3.313,    nan, 33.040,1945.850,  0.760,  0.210
210.000, 13.000,    nan,    nan,    nan,    nan,    nan,    nan
210.000, 13.500,    nan,    nan,    nan,    nan,    nan,    nan
210.000, 14.000,  3.397,    nan, 34.751,1411.430,  1.813,  0.211
210.000, 14.500,  2.380,  6.174, 34.500,961.524,  1.517,  0.211
210.000, 15.000,  3.839,  6.432, 34.670,842.185,  2.596,  0.211
210.000, 15.500,  5.210,  6.936, 34.521,1492.380,  2.410,  0.211
210.000, 16.000,  3.928,  4.486, 34.157,497.655,  2.799,  0.211
210.000, 16.500,  4.275,  5.237, 34.129,601.172,  3.519,  0.211
210.000, 17.000,  2.701,  3.156, 34.078,252.671,  3.138,  0.211
210.000, 17.500,  5.260,  4.135, 34.190,428.815,  2.836,  0.211
210.000, 18.000,  1.381,  1.338, 33.531, 91.365,  3.684,  0.211
210.000, 18.500,  2.624,  1.900, 33.835,138.743,  2.930,  0.211
210.000, 19.000,  0.129,  0.027, 31.765,  2.138,  2.834,  0.211
210.000, 19.500,  0.480,  0.000, 32.737, 24.413,  3.320,  0.211
210.000, 20.000,  0.145,  0.000, 29.908,  0.068,  3.088,  0.211
210.000, 20.500, -0.077,  0.000, 30.933,  0.117,  3.035,  0.211
210.000, 21.000,  0.078,  0.000, 28.687,  0.080,  2.631,  0.211
210.000, 21.500,    nan,  0.000, 29.205,  0.074,  3.005,  0.211
210.000, 22.000, -0.030,  0.000, 27.800,  0.084,  2.692,  0.210
210.000, 22.500,    nan,  0.000, 27.852,  0.080,  2.422,  0.210
210.000, 23.000,  0.038,  0.000, 27.203,  0.092,  2.945,  0.210
210.000, 23.500,  0.039,  0.000, 27.393,  0.087,  2.621,  0.210
