# day,hour,isoprene,MBO,pinenes,ocimenes,carene,limonene,cymene,camphor,b-caryophyllene,longifolene,methanol,acetone,acetaldehyde and ethanol,formic acid; acetic acid; pyruvic acid,ethene; ethane,methacrolein,linalool,other VOC,CO
200.000,  0.000,  0.000,  0.000,  0.410,  0.031,  0.164,  0.246,  0.150,  0.205,  0.012,  0.054,  0.000,  0.491,  0.124,  0.082,  1.637,  0.027,  0.007,  0.491,  0.000
200.000,  0.500,  0.000,  0.000,  0.475,  0.036,  0.190,  0.285,  0.174,  0.237,  0.013,  0.057,  0.000,  0.525,  0.134,  0.089,  1.751,  0.029,  0.007,  0.525,  0.000
200.000,  1.000,  0.000,  0.000,  0.405,  0.030,  0.162,  0.243,  0.149,  0.203,  0.012,  0.052,  0.000,  0.486,  0.121,  0.081,  1.621,  0.027,  0.007,  0.486,  0.000
200.000,  1.500,  0.000,  0.000,  0.415,  0.031,  0.166,  0.249,  0.152,  0.208,  0.013,  0.054,  0.000,  0.498,  0.125,  0.083,  1.661,  0.028,  0.007,  0.498,  0.000
200.000,  2.000,  0.000,  0.000,  0.378,  0.028,  0.151,  0.227,  0.138,  0.189,  0.011,  0.046,  0.000,  0.453,  0.110,  0.074,  1.511,  0.025,  0.006,  0.453,  0.000
200.000,  2.500,  0.000,  0.000,  0.399,  0.030,  0.159,  0.239,  0.146,  0.199,  0.012,  0.051,  0.000,  0.478,  0.118,  0.079,  1.595,  0.027,  0.007,  0.478,  0.000
200.000,  3.000,  0.000,  0.000,  0.363,  0.027,  0.145,  0.218,  0.133,  0.181,  0.010,  0.043,  0.000,  0.435,  0.105,  0.070,  1.451,  0.024,  0.006,  0.435,  0.000
200.000,  3.500,  0.000,  0.000,  0.369,  0.028,  0.147,  0.221,  0.135,  0.184,  0.010,  0.044,  0.000,  0.442,  0.107,  0.071,  1.474,  0.025,  0.006,  0.442,  0.000
200.000,  4.000,  0.000,  0.000,  0.350,  0.026,  0.140,  0.210,  0.128,  0.175,  0.009,  0.041,  0.000,  0.419,  0.100,  0.067,  1.398,  0.023,  0.006,  0.419,  0.000
200.000,  4.500,  0.000,  0.000,  0.358,  0.027,  0.143,  0.215,  0.131,  0.179,  0.010,  0.042,  0.000,  0.429,  0.103,  0.069,  1.431,  0.024,  0.006,  0.429,  0.000
200.000,  5.000,  5.907,  0.000,  0.474,  0.081,  0.149,  0.244,  0.174,  0.186,  0.012,  0.051,  0.812,  0.447,  0.186,  0.124,  1.490,  0.025,  0.011,  0.447,  0.002
200.000,  5.500,  1.964,  0.000,  0.391,  0.045,  0.143,  0.221,  0.143,  0.179,  0.010,  0.044,  0.271,  0.429,  0.128,  0.086,  1.429,  0.024,  0.008,  0.429,  0.001
200.000,  6.000, 16.341,  0.000,  0.723,  0.178,  0.179,  0.324,  0.265,  0.224,  0.018,  0.079,  2.145,  0.537,  0.351,  0.234,  1.789,  0.030,  0.021,  0.537,  0.006
200.000,  6.500, 15.182,  0.000,  0.672,  0.168,  0.164,  0.299,  0.246,  0.205,  0.016,  0.068,  2.098,  0.492,  0.322,  0.214,  1.641,  0.027,  0.020,  0.492,  0.006
200.000,  7.000, 31.616,  0.000,  1.116,  0.313,  0.243,  0.466,  0.409,  0.303,  0.032,  0.139,  3.729,  0.728,  0.616,  0.411,  2.426,  0.040,  0.036,  0.728,  0.011
200.000,  7.500, 30.213,  0.000,  1.036,  0.304,  0.214,  0.421,  0.380,  0.267,  0.026,  0.115,  3.844,  0.641,  0.567,  0.378,  2.135,  0.036,  0.034,  0.641,  0.012
200.000,  8.000, 48.766,  0.000,  1.524,  0.455,  0.307,  0.611,  0.559,  0.383,  0.049,  0.212,  5.281,  0.920,  0.911,  0.607,  3.066,  0.051,  0.051,  0.920,  0.016
200.000,  8.500, 46.426,  0.000,  1.434,  0.439,  0.279,  0.566,  0.526,  0.348,  0.042,  0.184,  5.297,  0.836,  0.848,  0.566,  2.787,  0.046,  0.048,  0.836,  0.016
200.000,  9.000, 63.957,  0.000,  1.862,  0.576,  0.357,  0.730,  0.683,  0.446,  0.064,  0.279,  6.537,  1.071,  1.167,  0.778,  3.571,  0.060,  0.063,  1.071,  0.020
200.000,  9.500, 59.742,  0.000,  1.744,  0.546,  0.329,  0.678,  0.639,  0.411,  0.057,  0.245,  6.366,  0.987,  1.079,  0.719,  3.289,  0.055,  0.060,  0.987,  0.019
200.000, 10.000, 72.518,  0.000,  2.043,  0.643,  0.382,  0.790,  0.749,  0.477,  0.073,  0.315,  7.249,  1.144,  1.308,  0.872,  3.815,  0.064,  0.070,  1.144,  0.022
200.000, 10.500, 69.070,  0.000,  1.951,  0.618,  0.361,  0.752,  0.715,  0.452,  0.067,  0.289,  7.077,  1.084,  1.238,  0.826,  3.613,  0.060,  0.067,  1.084,  0.021
200.000, 11.000, 75.165,  0.000,  2.090,  0.665,  0.385,  0.803,  0.766,  0.481,  0.074,  0.321,  7.512,  1.154,  1.346,  0.897,  3.846,  0.064,  0.072,  1.154,  0.023
200.000, 11.500, 76.952,  0.000,  2.129,  0.678,  0.391,  0.817,  0.781,  0.489,  0.076,  0.330,  7.636,  1.173,  1.377,  0.918,  3.910,  0.065,  0.074,  1.173,  0.023
200.000, 12.000, 79.657,  0.000,  2.192,  0.699,  0.402,  0.840,  0.804,  0.503,  0.080,  0.345,  7.819,  1.206,  1.425,  0.950,  4.020,  0.067,  0.076,  1.206,  0.023
200.000, 12.500, 74.403,  0.000,  2.066,  0.660,  0.378,  0.791,  0.758,  0.472,  0.072,  0.312,  7.504,  1.134,  1.327,  0.885,  3.780,  0.063,  0.072,  1.134,  0.023
200.000, 13.000, 79.153,  0.000,  2.182,  0.694,  0.401,  0.837,  0.800,  0.501,  0.079,  0.344,  7.771,  1.202,  1.417,  0.945,  4.008,  0.067,  0.076,  1.202,  0.023
200.000, 13.500, 76.002,  0.000,  2.112,  0.670,  0.390,  0.812,  0.774,  0.487,  0.076,  0.328,  7.528,  1.170,  1.363,  0.909,  3.899,  0.065,  0.073,  1.170,  0.023
200.000, 14.000, 75.645,  0.000,  2.108,  0.668,  0.390,  0.812,  0.773,  0.488,  0.076,  0.328,  7.504,  1.170,  1.359,  0.906,  3.901,  0.065,  0.073,  1.170,  0.023
200.000, 14.500, 69.507,  0.000,  1.966,  0.620,  0.366,  0.760,  0.721,  0.458,  0.068,  0.295,  7.060,  1.099,  1.250,  0.833,  3.663,  0.061,  0.068,  1.099,  0.021
200.000, 15.000, 67.848,  0.000,  1.934,  0.606,  0.364,  0.751,  0.709,  0.455,  0.067,  0.292,  6.872,  1.092,  1.226,  0.817,  3.640,  0.061,  0.066,  1.092,  0.021
200.000, 15.500, 67.340,  0.000,  1.955,  0.599,  0.379,  0.770,  0.717,  0.474,  0.071,  0.308,  6.650,  1.138,  1.238,  0.826,  3.795,  0.063,  0.066,  1.138,  0.020
200.000, 16.000, 59.406,  0.000,  1.784,  0.537,  0.355,  0.712,  0.654,  0.444,  0.063,  0.274,  6.005,  1.065,  1.106,  0.737,  3.551,  0.059,  0.060,  1.065,  0.018
200.000, 16.500, 59.791,  0.000,  1.838,  0.539,  0.379,  0.746,  0.674,  0.474,  0.069,  0.298,  5.863,  1.137,  1.140,  0.760,  3.789,  0.063,  0.060,  1.137,  0.018
200.000, 17.000, 26.912,  0.000,  1.213,  0.271,  0.325,  0.568,  0.445,  0.406,  0.048,  0.208,  2.634,  0.975,  0.649,  0.433,  3.249,  0.054,  0.034,  0.975,  0.008
200.000, 17.500, 46.983,  0.000,  1.577,  0.435,  0.349,  0.664,  0.578,  0.436,  0.058,  0.253,  4.683,  1.046,  0.938,  0.625,  3.488,  0.058,  0.050,  1.046,  0.014
200.000, 18.000, 12.431,  0.000,  0.929,  0.153,  0.297,  0.483,  0.341,  0.372,  0.038,  0.165,  1.228,  0.892,  0.429,  0.286,  2.973,  0.050,  0.022,  0.892,  0.004
200.000, 18.500, 18.578,  0.000,  1.056,  0.204,  0.312,  0.523,  0.387,  0.390,  0.043,  0.186,  1.817,  0.935,  0.526,  0.350,  3.117,  0.052,  0.027,  0.935,  0.005
200.000, 19.000,  0.567,  0.000,  0.657,  0.053,  0.259,  0.391,  0.241,  0.324,  0.027,  0.118,  0.058,  0.778,  0.231,  0.154,  2.593,  0.043,  0.011,  0.778,  0.000
200.000, 19.500,  0.000,  0.000,  0.674,  0.051,  0.270,  0.404,  0.247,  0.337,  0.029,  0.125,  0.000,  0.809,  0.235,  0.157,  2.695,  0.045,  0.011,  0.809,  0.000
200.000, 20.000,  0.000,  0.000,  0.595,  0.045,  0.238,  0.357,  0.218,  0.298,  0.023,  0.101,  0.000,  0.714,  0.200,  0.133,  2.381,  0.040,  0.010,  0.714,  0.000
200.000, 20.500,  0.000,  0.000,  0.622,  0.047,  0.249,  0.373,  0.228,  0.311,  0.025,  0.109,  0.000,  0.747,  0.212,  0.141,  2.490,  0.041,  0.010,  0.747,  0.000
200.000, 21.000,  0.000,  0.000,  0.556,  0.042,  0.222,  0.333,  0.204,  0.278,  0.021,  0.090,  0.000,  0.667,  0.183,  0.122,  2.222,  0.037,  0.009,  0.667,  0.000
200.000, 21.500,  0.000,  0.000,  0.577,  0.043,  0.231,  0.346,  0.211,  0.288,  0.022,  0.096,  0.000,  0.692,  0.192,  0.128,  2.307,  0.038,  0.010,  0.692,  0.000
200.000, 22.000,  0.000,  0.000,  0.505,  0.038,  0.202,  0.303,  0.185,  0.253,  0.018,  0.076,  0.000,  0.606,  0.162,  0.108,  2.022,  0.034,  0.008,  0.606,  0.000
200.000, 22.500,  0.000,  0.000,  0.519,  0.039,  0.208,  0.312,  0.190,  0.260,  0.018,  0.080,  0.000,  0.623,  0.167,  0.112,  2.078,  0.035,  0.009,  0.623,  0.000
200.000, 23.000,    nan,    nan,    nan,    nan,    nan,    nan,    nan,    nan,    nan,    nan,    nan,    nan,    nan,    nan,    nan,    nan,    nan,    nan,    nan
200.000, 23.500,    nan,    nan,    nan,    nan,    nan,    nan,    nan,    nan,    nan,    nan,    nan,    nan,    nan,    nan,    nan,    nan,    nan,    nan,    nan
201.000,  0.000,  0.000,  0.000,  0.428,  0.032,  0.171,  0.257,  0.157,  0.214,  0.013,  0.057,  0.000,  0.513,  0.130,  0.087,  1.710,  0.028,  0.007,  0.513,  0.000
201.000,  0.500,  0.000,  0.000,  0.440,  0.033,  0.176,  0.264,  0.161,  0.220,  0.014,  0.060,  0.000,  0.528,  0.135,  0.090,  1.760,  0.029,  0.007,  0.528,  0.000
201.000,  1.000,  0.000,  0.000,  0.406,  0.030,  0.163,  0.244,  0.149,  0.203,  0.012,  0.053,  0.000,  0.488,  0.122,  0.081,  1.625,  0.027,  0.007,  0.488,  0.000
201.000,  1.500,  0.000,  0.000,  0.417,  0.031,  0.167,  0.250,  0.153,  0.208,  0.013,  0.055,  0.000,  0.500,  0.126,  0.084,  1.667,  0.028,  0.007,  0.500,  0.000
201.000,  2.000,  0.000,  0.000,  0.388,  0.029,  0.155,  0.233,  0.142,  0.194,  0.011,  0.049,  0.000,  0.465,  0.115,  0.076,  1.551,  0.026,  0.006,  0.465,  0.000
201.000,  2.500,  0.000,  0.000,  0.387,  0.029,  0.155,  0.232,  0.142,  0.193,  0.011,  0.048,  0.000,  0.464,  0.114,  0.076,  1.546,  0.026,  0.006,  0.464,  0.000
201.000,  3.000,  0.000,  0.000,  0.395,  0.030,  0.158,  0.237,  0.145,  0.197,  0.012,  0.050,  0.000,  0.474,  0.117,  0.078,  1.578,  0.026,  0.007,  0.474,  0.000
201.000,  3.500,  0.000,  0.000,  0.408,  0.031,  0.163,  0.245,  0.149,  0.204,  0.012,  0.053,  0.000,  0.489,  0.122,  0.082,  1.631,  0.027,  0.007,  0.489,  0.000
201.000,  4.000,  0.000,  0.000,  0.366,  0.027,  0.146,  0.220,  0.134,  0.183,  0.010,  0.044,  0.000,  0.439,  0.106,  0.071,  1.464,  0.024,  0.006,  0.439,  0.000
201.000,  4.500,  0.000,  0.000,  0.365,  0.027,  0.146,  0.219,  0.134,  0.183,  0.010,  0.044,  0.000,  0.438,  0.106,  0.071,  1.461,  0.024,  0.006,  0.438,  0.000
201.000,  5.000,  1.415,  0.000,  0.374,  0.039,  0.140,  0.215,  0.137,  0.175,  0.010,  0.042,  0.198,  0.420,  0.119,  0.079,  1.399,  0.023,  0.007,  0.420,  0.001
201.000,  5.500,  0.184,  0.000,  0.335,  0.027,  0.133,  0.200,  0.123,  0.166,  0.009,  0.037,  0.026,  0.398,  0.096,  0.064,  1.328,  0.022,  0.006,  0.398,  0.000
201.000,  6.000,  8.494,  0.000,  0.505,  0.105,  0.142,  0.243,  0.185,  0.178,  0.012,  0.050,  1.229,  0.427,  0.214,  0.142,  1.423,  0.024,  0.013,  0.427,  0.004
201.000,  6.500,  4.313,  0.000,  0.408,  0.065,  0.133,  0.215,  0.150,  0.166,  0.010,  0.041,  0.629,  0.399,  0.150,  0.100,  1.329,  0.022,  0.009,  0.399,  0.002
201.000,  7.000, 16.476,  0.000,  0.711,  0.180,  0.172,  0.314,  0.261,  0.215,  0.017,  0.074,  2.245,  0.515,  0.346,  0.231,  1.716,  0.029,  0.021,  0.515,  0.007
201.000,  7.500, 12.429,  0.000,  0.605,  0.143,  0.156,  0.277,  0.222,  0.195,  0.014,  0.061,  1.746,  0.468,  0.278,  0.185,  1.559,  0.026,  0.017,  0.468,  0.005
201.000,  8.000, 28.175,  0.000,  1.014,  0.285,  0.220,  0.423,  0.372,  0.275,  0.027,  0.118,  3.507,  0.659,  0.547,  0.365,  2.198,  0.037,  0.032,  0.659,  0.011
201.000,  8.500, 25.443,  0.000,  0.929,  0.262,  0.201,  0.387,  0.341,  0.251,  0.023,  0.102,  3.292,  0.603,  0.492,  0.328,  2.009,  0.033,  0.030,  0.603,  0.010
201.000,  9.000, 31.546,  0.000,  1.090,  0.314,  0.229,  0.447,  0.400,  0.286,  0.030,  0.128,  3.872,  0.688,  0.601,  0.401,  2.292,  0.038,  0.035,  0.688,  0.012
201.000,  9.500, 20.157,  0.000,  0.845,  0.214,  0.204,  0.373,  0.310,  0.255,  0.023,  0.099,  2.537,  0.613,  0.427,  0.284,  2.043,  0.034,  0.025,  0.613,  0.008
201.000, 10.000, 52.711,  0.000,  1.596,  0.489,  0.310,  0.630,  0.585,  0.388,  0.051,  0.220,  5.733,  0.931,  0.966,  0.644,  3.104,  0.052,  0.054,  0.931,  0.017
201.000, 10.500, 46.181,  0.000,  1.417,  0.439,  0.271,  0.555,  0.519,  0.339,  0.041,  0.177,  5.356,  0.814,  0.837,  0.558,  2.712,  0.045,  0.048,  0.814,  0.016
201.000, 11.000, 69.376,  0.000,  2.004,  0.619,  0.385,  0.786,  0.735,  0.481,  0.072,  0.314,  6.922,  1.155,  1.271,  0.847,  3.850,  0.064,  0.068,  1.155,  0.021
201.000, 11.500, 58.767,  0.000,  1.732,  0.537,  0.331,  0.677,  0.635,  0.414,  0.057,  0.246,  6.234,  0.993,  1.069,  0.712,  3.309,  0.055,  0.059,  0.993,  0.019
201.000, 12.000, 62.034,  0.000,  1.804,  0.563,  0.341,  0.702,  0.661,  0.427,  0.060,  0.260,  6.498,  1.024,  1.123,  0.749,  3.414,  0.057,  0.062,  1.024,  0.019
201.000, 12.500, 66.826,  0.000,  1.925,  0.599,  0.366,  0.751,  0.706,  0.457,  0.067,  0.291,  6.801,  1.097,  1.214,  0.810,  3.656,  0.061,  0.066,  1.097,  0.020
201.000, 13.000, 69.949,  0.000,  2.002,  0.622,  0.382,  0.782,  0.734,  0.477,  0.072,  0.313,  6.956,  1.145,  1.275,  0.850,  3.815,  0.064,  0.068,  1.145,  0.021
201.000, 13.500, 69.844,  0.000,  2.009,  0.621,  0.386,  0.788,  0.737,  0.482,  0.073,  0.317,  6.912,  1.158,  1.279,  0.852,  3.860,  0.064,  0.068,  1.158,  0.021
201.000, 14.000, 70.628,  0.000,  2.038,  0.627,  0.394,  0.802,  0.747,  0.492,  0.075,  0.326,  6.946,  1.182,  1.298,  0.866,  3.939,  0.066,  0.069,  1.182,  0.021
201.000, 14.500, 70.413,  0.000,  2.049,  0.624,  0.402,  0.811,  0.751,  0.502,  0.077,  0.335,  6.835,  1.205,  1.305,  0.870,  4.017,  0.067,  0.069,  1.205,  0.021
201.000, 15.000, 67.147,  0.000,  1.982,  0.600,  0.392,  0.788,  0.727,  0.490,  0.074,  0.319,  6.618,  1.175,  1.250,  0.833,  3.916,  0.065,  0.066,  1.175,  0.020
201.000, 15.500, 62.295,  0.000,  1.884,  0.560,  0.381,  0.758,  0.691,  0.476,  0.070,  0.302,  6.162,  1.143,  1.174,  0.783,  3.810,  0.063,  0.062,  1.143,  0.018
201.000, 16.000, 57.561,  0.000,  1.779,  0.523,  0.365,  0.721,  0.652,  0.456,  0.065,  0.280,  5.784,  1.095,  1.094,  0.729,  3.651,  0.061,  0.059,  1.095,  0.017
201.000, 16.500, 55.131,  0.000,  1.775,  0.502,  0.382,  0.737,  0.651,  0.478,  0.068,  0.295,  5.386,  1.146,  1.083,  0.722,  3.821,  0.064,  0.057,  1.146,  0.016
201.000, 17.000, 18.296,  0.000,  0.962,  0.197,  0.274,  0.466,  0.353,  0.342,  0.035,  0.153,  1.881,  0.821,  0.479,  0.319,  2.736,  0.046,  0.025,  0.821,  0.006
201.000, 17.500, 40.279,  0.000,  1.416,  0.381,  0.322,  0.606,  0.519,  0.403,  0.051,  0.221,  4.103,  0.967,  0.820,  0.546,  3.225,  0.054,  0.044,  0.967,  0.012
201.000, 18.000,  9.200,  0.000,  0.790,  0.122,  0.260,  0.418,  0.290,  0.325,  0.030,  0.130,  0.950,  0.780,  0.345,  0.230,  2.601,  0.043,  0.018,  0.780,  0.003
201.000, 18.500, 12.221,  0.000,  0.842,  0.147,  0.262,  0.431,  0.309,  0.328,  0.032,  0.137,  1.261,  0.787,  0.387,  0.258,  2.624,  0.044,  0.020,  0.787,  0.004
201.000, 19.000,  0.530,  0.000,  0.583,  0.047,  0.230,  0.346,  0.214,  0.287,  0.022,  0.096,  0.057,  0.689,  0.198,  0.132,  2.297,  0.038,  0.010,  0.689,  0.000
201.000, 19.500,  0.000,  0.000,  0.605,  0.045,  0.242,  0.363,  0.222,  0.303,  0.024,  0.104,  0.000,  0.727,  0.205,  0.136,  2.422,  0.040,  0.010,  0.727,  0.000
201.000, 20.000,  0.000,  0.000,  0.487,  0.037,  0.195,  0.292,  0.178,  0.243,  0.017,  0.072,  0.000,  0.584,  0.154,  0.103,  1.947,  0.032,  0.008,  0.584,  0.000
201.000, 20.500,  0.000,  0.000,  0.537,  0.040,  0.215,  0.322,  0.197,  0.269,  0.020,  0.085,  0.000,  0.645,  0.175,  0.117,  2.150,  0.036,  0.009,  0.645,  0.000
201.000, 21.000,  0.000,  0.000,  0.445,  0.033,  0.178,  0.267,  0.163,  0.222,  0.014,  0.061,  0.000,  0.534,  0.137,  0.091,  1.779,  0.030,  0.007,  0.534,  0.000
201.000, 21.500,  0.000,  0.000,  0.468,  0.035,  0.187,  0.281,  0.172,  0.234,  0.015,  0.067,  0.000,  0.562,  0.146,  0.098,  1.872,  0.031,  0.008,  0.562,  0.000
201.000, 22.000,  0.000,  0.000,  0.407,  0.031,  0.163,  0.244,  0.149,  0.203,  0.012,  0.053,  0.000,  0.488,  0.122,  0.081,  1.627,  0.027,  0.007,  0.488,  0.000
201.000, 22.500,  0.000,  0.000,  0.411,  0.031,  0.164,  0.247,  0.151,  0.206,  0.012,  0.054,  0.000,  0.493,  0.124,  0.082,  1.644,  0.027,  0.007,  0.493,  0.000
201.000, 23.000,    nan,    nan,    nan,    nan,    nan,    nan,    nan,    nan,    nan,    nan,    nan,    nan,    nan,    nan,    nan,    nan,    nan,    nan,    nan
201.000, 23.500,    nan,    nan,    nan,    nan,    nan,    nan,    nan,    nan,    nan,    nan,    nan,    nan,    nan,    nan,    nan,    nan,    nan,    nan,    nan
202.000,  0.000,  0.000,  0.000,  0.353,  0.027,  0.141,  0.212,  0.130,  0.177,  0.010,  0.041,  0.000,  0.424,  0.101,  0.068,  1.414,  0.024,  0.006,  0.424,  0.000
202.000,  0.500,  0.000,  0.000,  0.377,  0.028,  0.151,  0.226,  0.138,  0.188,  0.011,  0.046,  0.000,  0.452,  0.110,  0.073,  1.506,  0.025,  0.006,  0.452,  0.000
202.000,  1.000,  0.000,  0.000,  0.324,  0.024,  0.130,  0.195,  0.119,  0.162,  0.008,  0.036,  0.000,  0.389,  0.091,  0.060,  1.298,  0.022,  0.005,  0.389,  0.000
202.000,  1.500,  0.000,  0.000,  0.332,  0.025,  0.133,  0.199,  0.122,  0.166,  0.009,  0.037,  0.000,  0.399,  0.094,  0.062,  1.329,  0.022,  0.006,  0.399,  0.000
202.000,  2.000,  0.000,  0.000,  0.280,  0.021,  0.112,  0.168,  0.103,  0.140,  0.006,  0.028,  0.000,  0.336,  0.075,  0.050,  1.121,  0.019,  0.005,  0.336,  0.000
202.000,  2.500,  0.000,  0.000,  0.301,  0.023,  0.120,  0.181,  0.110,  0.151,  0.007,  0.032,  0.000,  0.361,  0.082,  0.055,  1.205,  0.020,  0.005,  0.361,  0.000
202.000,  3.000,  0.000,  0.000,  0.259,  0.019,  0.104,  0.155,  0.095,  0.129,  0.006,  0.024,  0.000,  0.311,  0.068,  0.045,  1.035,  0.017,  0.004,  0.311,  0.000
202.000,  3.500,  0.000,  0.000,  0.271,  0.020,  0.108,  0.163,  0.099,  0.136,  0.006,  0.026,  0.000,  0.325,  0.072,  0.048,  1.084,  0.018,  0.005,  0.325,  0.000
202.000,  4.000,  0.000,  0.000,  0.238,  0.018,  0.095,  0.143,  0.087,  0.119,  0.005,  0.021,  0.000,  0.285,  0.060,  0.040,  0.950,  0.016,  0.004,  0.285,  0.000
202.000,  4.500,  0.000,  0.000,  0.253,  0.019,  0.101,  0.152,  0.093,  0.126,  0.005,  0.023,  0.000,  0.303,  0.066,  0.044,  1.010,  0.017,  0.004,  0.303,  0.000
202.000,  5.000,  2.266,  0.000,  0.283,  0.040,  0.096,  0.153,  0.104,  0.121,  0.005,  0.024,  0.365,  0.289,  0.092,  0.061,  0.965,  0.016,  0.006,  0.289,  0.001
202.000,  5.500,  0.842,  0.000,  0.248,  0.026,  0.093,  0.143,  0.091,  0.116,  0.005,  0.021,  0.140,  0.279,  0.070,  0.047,  0.930,  0.015,  0.005,  0.279,  0.000
202.000,  6.000,  6.988,  0.000,  0.413,  0.088,  0.115,  0.197,  0.151,  0.143,  0.008,  0.036,  1.072,  0.344,  0.169,  0.113,  1.147,  0.019,  0.011,  0.344,  0.003
202.000,  6.500,  7.272,  0.000,  0.409,  0.091,  0.110,  0.192,  0.150,  0.138,  0.008,  0.034,  1.162,  0.331,  0.169,  0.113,  1.103,  0.018,  0.011,  0.331,  0.003
202.000,  7.000, 12.474,  0.000,  0.570,  0.141,  0.141,  0.254,  0.209,  0.176,  0.012,  0.054,  1.786,  0.422,  0.264,  0.176,  1.405,  0.023,  0.017,  0.422,  0.005
202.000,  7.500, 12.971,  0.000,  0.561,  0.146,  0.132,  0.244,  0.206,  0.165,  0.011,  0.049,  1.953,  0.395,  0.263,  0.175,  1.317,  0.022,  0.017,  0.395,  0.006
202.000,  8.000, 19.565,  0.000,  0.771,  0.206,  0.177,  0.331,  0.283,  0.221,  0.019,  0.082,  2.559,  0.530,  0.392,  0.261,  1.768,  0.029,  0.024,  0.530,  0.008
202.000,  8.500, 17.249,  0.000,  0.682,  0.186,  0.153,  0.289,  0.250,  0.191,  0.015,  0.064,  2.441,  0.458,  0.338,  0.226,  1.528,  0.025,  0.021,  0.458,  0.007
202.000,  9.000, 24.662,  0.000,  0.904,  0.251,  0.198,  0.379,  0.331,  0.248,  0.023,  0.101,  3.090,  0.595,  0.480,  0.320,  1.984,  0.033,  0.029,  0.595,  0.009
202.000,  9.500, 23.416,  0.000,  0.860,  0.241,  0.187,  0.359,  0.315,  0.234,  0.021,  0.092,  3.030,  0.561,  0.452,  0.301,  1.869,  0.031,  0.027,  0.561,  0.009
202.000, 10.000, 27.520,  0.000,  0.973,  0.276,  0.209,  0.403,  0.357,  0.261,  0.026,  0.111,  3.390,  0.626,  0.528,  0.352,  2.086,  0.035,  0.031,  0.626,  0.010
202.000, 10.500, 26.795,  0.000,  0.949,  0.270,  0.202,  0.392,  0.348,  0.253,  0.024,  0.106,  3.352,  0.607,  0.512,  0.341,  2.025,  0.034,  0.031,  0.607,  0.010
202.000, 11.000, 30.134,  0.000,  1.041,  0.299,  0.220,  0.429,  0.382,  0.275,  0.028,  0.123,  3.633,  0.661,  0.574,  0.383,  2.203,  0.037,  0.034,  0.661,  0.011
202.000, 11.500, 26.655,  0.000,  0.938,  0.269,  0.198,  0.386,  0.344,  0.248,  0.024,  0.103,  3.367,  0.595,  0.506,  0.337,  1.984,  0.033,  0.030,  0.595,  0.010
202.000, 12.000, 31.714,  0.000,  1.084,  0.312,  0.229,  0.445,  0.397,  0.286,  0.030,  0.131,  3.765,  0.685,  0.603,  0.402,  2.285,  0.038,  0.035,  0.685,  0.011
202.000, 12.500, 29.551,  0.000,  1.022,  0.294,  0.216,  0.420,  0.375,  0.270,  0.027,  0.119,  3.596,  0.647,  0.562,  0.374,  2.157,  0.036,  0.033,  0.647,  0.011
202.000, 13.000, 32.076,  0.000,  1.098,  0.315,  0.232,  0.452,  0.403,  0.291,  0.031,  0.134,  3.783,  0.697,  0.612,  0.408,  2.325,  0.039,  0.036,  0.697,  0.011
202.000, 13.500, 32.457,  0.000,  1.112,  0.318,  0.237,  0.459,  0.408,  0.296,  0.032,  0.138,  3.786,  0.710,  0.622,  0.414,  2.367,  0.039,  0.036,  0.710,  0.011
202.000, 14.000, 30.394,  0.000,  1.059,  0.301,  0.227,  0.439,  0.388,  0.284,  0.029,  0.128,  3.617,  0.681,  0.584,  0.390,  2.269,  0.038,  0.034,  0.681,  0.011
202.000, 14.500, 31.024,  0.000,  1.086,  0.305,  0.235,  0.453,  0.398,  0.294,  0.031,  0.135,  3.617,  0.706,  0.602,  0.401,  2.354,  0.039,  0.035,  0.706,  0.011
202.000, 15.000, 26.509,  0.000,  0.958,  0.268,  0.209,  0.401,  0.351,  0.262,  0.025,  0.110,  3.263,  0.628,  0.515,  0.343,  2.092,  0.035,  0.030,  0.628,  0.010
202.000, 15.500, 25.394,  0.000,  0.941,  0.257,  0.211,  0.399,  0.345,  0.263,  0.026,  0.111,  3.088,  0.632,  0.502,  0.335,  2.107,  0.035,  0.030,  0.632,  0.009
202.000, 16.000, 22.895,  0.000,  0.873,  0.236,  0.198,  0.372,  0.320,  0.247,  0.023,  0.098,  2.877,  0.593,  0.456,  0.304,  1.976,  0.033,  0.027,  0.593,  0.009
202.000, 16.500, 21.551,  0.000,  0.860,  0.223,  0.203,  0.375,  0.315,  0.254,  0.023,  0.101,  2.637,  0.609,  0.444,  0.296,  2.031,  0.034,  0.026,  0.609,  0.008
202.000, 17.000,  6.881,  0.000,  0.510,  0.090,  0.158,  0.260,  0.187,  0.197,  0.013,  0.058,  0.898,  0.473,  0.207,  0.138,  1.578,  0.026,  0.012,  0.473,  0.003
202.000, 17.500, 15.717,  0.000,  0.711,  0.171,  0.180,  0.322,  0.261,  0.225,  0.018,  0.080,  2.006,  0.539,  0.344,  0.230,  1.797,  0.030,  0.021,  0.539,  0.006
202.000, 18.000,  3.294,  0.000,  0.425,  0.057,  0.148,  0.233,  0.156,  0.185,  0.011,  0.048,  0.435,  0.443,  0.151,  0.101,  1.478,  0.025,  0.009,  0.443,  0.001
202.000, 18.500,  4.541,  0.000,  0.458,  0.069,  0.153,  0.244,  0.168,  0.191,  0.012,  0.052,  0.594,  0.458,  0.172,  0.114,  1.526,  0.025,  0.010,  0.458,  0.002
202.000, 19.000,  0.183,  0.000,  0.334,  0.026,  0.132,  0.199,  0.122,  0.165,  0.009,  0.037,  0.025,  0.397,  0.095,  0.064,  1.322,  0.022,  0.006,  0.397,  0.000
202.000, 19.500,  0.000,  0.000,  0.342,  0.026,  0.137,  0.205,  0.126,  0.171,  0.009,  0.039,  0.000,  0.411,  0.097,  0.065,  1.370,  0.023,  0.006,  0.411,  0.000
202.000, 20.000,  0.000,  0.000,  0.307,  0.023,  0.123,  0.184,  0.113,  0.153,  0.008,  0.033,  0.000,  0.368,  0.084,  0.056,  1.228,  0.020,  0.005,  0.368,  0.000
202.000, 20.500,  0.000,  0.000,  0.324,  0.024,  0.130,  0.195,  0.119,  0.162,  0.008,  0.036,  0.000,  0.389,  0.091,  0.061,  1.298,  0.022,  0.005,  0.389,  0.000
202.000, 21.000,  0.000,  0.000,  0.271,  0.020,  0.108,  0.163,  0.099,  0.135,  0.006,  0.026,  0.000,  0.325,  0.072,  0.048,  1.083,  0.018,  0.005,  0.325,  0.000
202.000, 21.500,  0.000,  0.000,  0.283,  0.021,  0.113,  0.170,  0.104,  0.141,  0.007,  0.028,  0.000,  0.339,  0.076,  0.051,  1.132,  0.019,  0.005,  0.339,  0.000
202.000, 22.000,  0.000,  0.000,  0.251,  0.019,  0.100,  0.150,  0.092,  0.125,  0.005,  0.023,  0.000,  0.301,  0.065,  0.043,  1.002,  0.017,  0.004,  0.301,  0.000
202.000, 22.500,  0.000,  0.000,  0.260,  0.020,  0.104,  0.156,  0.095,  0.130,  0.006,  0.025,  0.000,  0.312,  0.068,  0.045,  1.041,  0.017,  0.004,  0.312,  0.000
202.000, 23.000,    nan,    nan,    nan,    nan,    nan,    nan,    nan,    nan,    nan,    nan,    nan,    nan,    nan,    nan,    nan,    nan,    nan,    nan,    nan
202.000, 23.500,    nan,    nan,    nan,    nan,    nan,    nan,    nan,    nan,    nan,    nan,    nan,    nan,    nan,    nan,    nan,    nan,    nan,    nan,    nan
203.000,  0.000,  0.000,  0.000,  0.213,  0.016,  0.085,  0.128,  0.078,  0.106,  0.004,  0.018,  0.000,  0.255,  0.052,  0.035,  0.851,  0.014,  0.004,  0.255,  0.000
203.000,  0.500,  0.000,  0.000,  0.217,  0.016,  0.087,  0.130,  0.080,  0.109,  0.004,  0.018,  0.000,  0.261,  0.054,  0.036,  0.870,  0.014,  0.004,  0.261,  0.000
203.000,  1.000,  0.000,  0.000,  0.209,  0.016,  0.084,  0.125,  0.077,  0.104,  0.004,  0.017,  0.000,  0.251,  0.051,  0.034,  0.836,  0.014,  0.003,  0.251,  0.000
203.000,  1.500,  0.000,  0.000,  0.213,  0.016,  0.085,  0.128,  0.078,  0.107,  0.004,  0.018,  0.000,  0.256,  0.053,  0.035,  0.853,  0.014,  0.004,  0.256,  0.000
203.000,  2.000,  0.000,  0.000,  0.193,  0.014,  0.077,  0.116,  0.071,  0.096,  0.003,  0.015,  0.000,  0.231,  0.046,  0.031,  0.770,  0.013,  0.003,  0.231,  0.000
203.000,  2.500,  0.000,  0.000,  0.201,  0.015,  0.081,  0.121,  0.074,  0.101,  0.004,  0.016,  0.000,  0.242,  0.049,  0.033,  0.806,  0.013,  0.003,  0.242,  0.000
203.000,  3.000,  0.000,  0.000,  0.183,  0.014,  0.073,  0.110,  0.067,  0.091,  0.003,  0.014,  0.000,  0.219,  0.043,  0.029,  0.731,  0.012,  0.003,  0.219,  0.000
203.000,  3.500,  0.000,  0.000,  0.187,  0.014,  0.075,  0.112,  0.069,  0.093,  0.003,  0.014,  0.000,  0.224,  0.044,  0.030,  0.747,  0.012,  0.003,  0.224,  0.000
203.000,  4.000,  0.000,  0.000,  0.180,  0.014,  0.072,  0.108,  0.066,  0.090,  0.003,  0.013,  0.000,  0.216,  0.042,  0.028,  0.721,  0.012,  0.003,  0.216,  0.000
203.000,  4.500,  0.000,  0.000,  0.178,  0.013,  0.071,  0.107,  0.065,  0.089,  0.003,  0.013,  0.000,  0.214,  0.042,  0.028,  0.712,  0.012,  0.003,  0.214,  0.000
203.000,  5.000,  1.802,  0.000,  0.223,  0.032,  0.075,  0.120,  0.082,  0.094,  0.004,  0.016,  0.309,  0.226,  0.069,  0.046,  0.754,  0.013,  0.005,  0.226,  0.001
203.000,  5.500,  0.674,  0.000,  0.199,  0.021,  0.074,  0.114,  0.073,  0.093,  0.003,  0.015,  0.118,  0.223,  0.053,  0.035,  0.744,  0.012,  0.004,  0.223,  0.000
203.000,  6.000,  5.915,  0.000,  0.339,  0.074,  0.092,  0.160,  0.124,  0.115,  0.006,  0.026,  0.950,  0.277,  0.136,  0.091,  0.923,  0.015,  0.009,  0.277,  0.003
203.000,  6.500,  5.387,  0.000,  0.309,  0.069,  0.083,  0.145,  0.113,  0.103,  0.005,  0.021,  0.934,  0.248,  0.122,  0.081,  0.827,  0.014,  0.009,  0.248,  0.003
203.000,  7.000, 15.410,  0.000,  0.647,  0.165,  0.155,  0.285,  0.237,  0.194,  0.015,  0.066,  2.012,  0.466,  0.317,  0.211,  1.552,  0.026,  0.019,  0.466,  0.006
203.000,  7.500, 14.314,  0.000,  0.582,  0.156,  0.132,  0.249,  0.213,  0.166,  0.012,  0.052,  2.048,  0.397,  0.281,  0.188,  1.324,  0.022,  0.018,  0.397,  0.006
203.000,  8.000, 21.309,  0.000,  0.793,  0.218,  0.176,  0.335,  0.291,  0.221,  0.020,  0.086,  2.663,  0.529,  0.415,  0.277,  1.764,  0.029,  0.025,  0.529,  0.008
203.000,  8.500, 21.863,  0.000,  0.796,  0.224,  0.173,  0.332,  0.292,  0.216,  0.019,  0.083,  2.798,  0.518,  0.418,  0.279,  1.727,  0.029,  0.025,  0.518,  0.008
203.000,  9.000, 27.194,  0.000,  0.937,  0.268,  0.199,  0.386,  0.344,  0.249,  0.025,  0.108,  3.241,  0.597,  0.515,  0.343,  1.990,  0.033,  0.030,  0.597,  0.010
203.000,  9.500, 25.439,  0.000,  0.880,  0.254,  0.185,  0.361,  0.323,  0.231,  0.022,  0.095,  3.153,  0.554,  0.477,  0.318,  1.848,  0.031,  0.029,  0.554,  0.009
203.000, 10.000, 31.267,  0.000,  1.032,  0.302,  0.213,  0.419,  0.378,  0.266,  0.028,  0.123,  3.622,  0.638,  0.582,  0.388,  2.127,  0.035,  0.034,  0.638,  0.011
203.000, 10.500, 30.982,  0.000,  1.023,  0.301,  0.210,  0.415,  0.375,  0.263,  0.028,  0.120,  3.627,  0.630,  0.576,  0.384,  2.102,  0.035,  0.034,  0.630,  0.011
203.000, 11.000, 35.871,  0.000,  1.145,  0.340,  0.232,  0.461,  0.420,  0.291,  0.033,  0.144,  3.995,  0.697,  0.663,  0.442,  2.324,  0.039,  0.038,  0.697,  0.012
203.000, 11.500, 34.375,  0.000,  1.106,  0.328,  0.224,  0.446,  0.405,  0.281,  0.031,  0.135,  3.900,  0.673,  0.635,  0.423,  2.245,  0.037,  0.037,  0.673,  0.012
203.000, 12.000, 39.465,  0.000,  1.238,  0.368,  0.250,  0.498,  0.454,  0.313,  0.038,  0.163,  4.263,  0.751,  0.730,  0.486,  2.504,  0.042,  0.041,  0.751,  0.013
203.000, 12.500, 36.989,  0.000,  1.172,  0.349,  0.237,  0.471,  0.430,  0.296,  0.034,  0.149,  4.085,  0.711,  0.683,  0.455,  2.371,  0.040,  0.039,  0.711,  0.012
203.000, 13.000, 39.304,  0.000,  1.238,  0.367,  0.251,  0.499,  0.454,  0.314,  0.038,  0.163,  4.252,  0.753,  0.728,  0.485,  2.510,  0.042,  0.041,  0.753,  0.013
203.000, 13.500, 39.242,  0.000,  1.238,  0.366,  0.252,  0.500,  0.454,  0.315,  0.038,  0.164,  4.211,  0.757,  0.729,  0.486,  2.523,  0.042,  0.041,  0.757,  0.013
203.000, 14.000, 41.479,  0.000,  1.309,  0.385,  0.269,  0.530,  0.480,  0.336,  0.042,  0.180,  4.365,  0.806,  0.776,  0.517,  2.688,  0.045,  0.043,  0.806,  0.013
203.000, 14.500, 39.005,  0.000,  1.249,  0.364,  0.260,  0.509,  0.458,  0.324,  0.039,  0.170,  4.125,  0.779,  0.733,  0.489,  2.595,  0.043,  0.041,  0.779,  0.012
203.000, 15.000, 36.133,  0.000,  1.181,  0.341,  0.248,  0.484,  0.433,  0.310,  0.036,  0.156,  3.916,  0.743,  0.683,  0.455,  2.478,  0.041,  0.038,  0.743,  0.012
203.000, 15.500, 37.080,  0.000,  1.224,  0.348,  0.262,  0.507,  0.449,  0.327,  0.039,  0.169,  3.913,  0.786,  0.711,  0.474,  2.619,  0.044,  0.039,  0.786,  0.012
203.000, 16.000, 27.671,  0.000,  1.008,  0.270,  0.230,  0.432,  0.370,  0.288,  0.030,  0.132,  3.043,  0.691,  0.554,  0.369,  2.302,  0.038,  0.031,  0.691,  0.009
203.000, 16.500, 27.813,  0.000,  1.010,  0.271,  0.230,  0.432,  0.370,  0.287,  0.030,  0.132,  3.057,  0.690,  0.555,  0.370,  2.299,  0.038,  0.031,  0.690,  0.009
203.000, 17.000, 15.934,  0.000,  0.781,  0.170,  0.213,  0.369,  0.286,  0.267,  0.024,  0.106,  1.738,  0.640,  0.382,  0.255,  2.132,  0.036,  0.021,  0.640,  0.005
203.000, 17.500, 24.291,  0.000,  0.962,  0.241,  0.234,  0.427,  0.353,  0.293,  0.030,  0.131,  2.612,  0.703,  0.514,  0.342,  2.342,  0.039,  0.029,  0.703,  0.008
203.000, 18.000,  8.440,  0.000,  0.607,  0.105,  0.190,  0.311,  0.223,  0.237,  0.019,  0.081,  0.940,  0.569,  0.260,  0.173,  1.897,  0.032,  0.015,  0.569,  0.003
203.000, 18.500, 12.912,  0.000,  0.712,  0.144,  0.204,  0.346,  0.261,  0.255,  0.022,  0.096,  1.417,  0.612,  0.333,  0.222,  2.041,  0.034,  0.019,  0.612,  0.004
203.000, 19.000,  0.293,  0.000,  0.403,  0.032,  0.159,  0.240,  0.148,  0.199,  0.012,  0.052,  0.034,  0.477,  0.123,  0.082,  1.591,  0.027,  0.007,  0.477,  0.000
203.000, 19.500,  0.000,  0.000,  0.421,  0.032,  0.168,  0.252,  0.154,  0.210,  0.013,  0.056,  0.000,  0.505,  0.128,  0.085,  1.682,  0.028,  0.007,  0.505,  0.000
203.000, 20.000,  0.000,  0.000,  0.337,  0.025,  0.135,  0.202,  0.123,  0.168,  0.009,  0.039,  0.000,  0.404,  0.096,  0.064,  1.346,  0.022,  0.006,  0.404,  0.000
203.000, 20.500,  0.000,  0.000,  0.366,  0.027,  0.146,  0.220,  0.134,  0.183,  0.010,  0.044,  0.000,  0.439,  0.107,  0.071,  1.464,  0.024,  0.006,  0.439,  0.000
203.000, 21.000,  0.000,  0.000,  0.302,  0.023,  0.121,  0.181,  0.111,  0.151,  0.007,  0.032,  0.000,  0.362,  0.083,  0.055,  1.206,  0.020,  0.005,  0.362,  0.000
203.000, 21.500,  0.000,  0.000,  0.310,  0.023,  0.124,  0.186,  0.114,  0.155,  0.008,  0.034,  0.000,  0.372,  0.086,  0.057,  1.239,  0.021,  0.005,  0.372,  0.000
203.000, 22.000,  0.000,  0.000,  0.293,  0.022,  0.117,  0.176,  0.107,  0.147,  0.007,  0.030,  0.000,  0.352,  0.080,  0.053,  1.172,  0.020,  0.005,  0.352,  0.000
203.000, 22.500,  0.000,  0.000,  0.304,  0.023,  0.122,  0.182,  0.111,  0.152,  0.007,  0.032,  0.000,  0.365,  0.084,  0.056,  1.216,  0.020,  0.005,  0.365,  0.000
203.000, 23.000,    nan,    nan,    nan,    nan,    nan,    nan,    nan,    nan,    nan,    nan,    nan,    nan,    nan,    nan,    nan,    nan,    nan,    nan,    nan
203.000, 23.500,    nan,    nan,    nan,    nan,    nan,    nan,    nan,    nan,    nan,    nan,    nan,    nan,    nan,    nan,    nan,    nan,    nan,    nan,    nan
204.000,  0.000,  0.000,  0.000,  0.250,  0.019,  0.100,  0.150,  0.092,  0.125,  0.005,  0.023,  0.000,  0.300,  0.065,  0.043,  1.001,  0.017,  0.004,  0.300,  0.000
204.000,  0.500,  0.000,  0.000,  0.260,  0.020,  0.104,  0.156,  0.095,  0.130,  0.006,  0.025,  0.000,  0.312,  0.068,  0.046,  1.041,  0.017,  0.004,  0.312,  0.000
204.000,  1.000,  0.000,  0.000,  0.235,  0.018,  0.094,  0.141,  0.086,  0.117,  0.005,  0.021,  0.000,  0.282,  0.060,  0.040,  0.939,  0.016,  0.004,  0.282,  0.000
204.000,  1.500,  0.000,  0.000,  0.243,  0.018,  0.097,  0.146,  0.089,  0.122,  0.005,  0.022,  0.000,  0.292,  0.063,  0.042,  0.974,  0.016,  0.004,  0.292,  0.000
204.000,  2.000,  0.000,  0.000,  0.221,  0.017,  0.088,  0.132,  0.081,  0.110,  0.004,  0.019,  0.000,  0.265,  0.055,  0.037,  0.882,  0.015,  0.004,  0.265,  0.000
204.000,  2.500,  0.000,  0.000,  0.228,  0.017,  0.091,  0.137,  0.083,  0.114,  0.005,  0.020,  0.000,  0.273,  0.057,  0.038,  0.911,  0.015,  0.004,  0.273,  0.000
204.000,  3.000,  0.000,  0.000,  0.207,  0.016,  0.083,  0.124,  0.076,  0.103,  0.004,  0.017,  0.000,  0.248,  0.051,  0.034,  0.827,  0.014,  0.003,  0.248,  0.000
204.000,  3.500,  0.000,  0.000,  0.214,  0.016,  0.086,  0.128,  0.079,  0.107,  0.004,  0.018,  0.000,  0.257,  0.053,  0.035,  0.856,  0.014,  0.004,  0.257,  0.000
204.000,  4.000,  0.000,  0.000,  0.204,  0.015,  0.082,  0.123,  0.075,  0.102,  0.004,  0.016,  0.000,  0.245,  0.050,  0.033,  0.817,  0.014,  0.003,  0.245,  0.000
204.000,  4.500,  0.000,  0.000,  0.204,  0.015,  0.082,  0.122,  0.075,  0.102,  0.004,  0.016,  0.000,  0.245,  0.050,  0.033,  0.816,  0.014,  0.003,  0.245,  0.000
204.000,  5.000,  2.463,  0.000,  0.249,  0.039,  0.082,  0.132,  0.091,  0.102,  0.004,  0.019,  0.385,  0.245,  0.083,  0.055,  0.817,  0.014,  0.006,  0.245,  0.001
204.000,  5.500,  0.959,  0.000,  0.220,  0.024,  0.081,  0.125,  0.081,  0.101,  0.004,  0.017,  0.152,  0.243,  0.062,  0.041,  0.809,  0.013,  0.004,  0.243,  0.000
204.000,  6.000,  8.315,  0.000,  0.407,  0.097,  0.104,  0.185,  0.149,  0.130,  0.008,  0.034,  1.226,  0.312,  0.178,  0.119,  1.040,  0.017,  0.012,  0.312,  0.004
204.000,  6.500,  7.515,  0.000,  0.368,  0.090,  0.092,  0.166,  0.135,  0.115,  0.006,  0.027,  1.203,  0.277,  0.158,  0.105,  0.922,  0.015,  0.011,  0.277,  0.004
204.000,  7.000, 17.627,  0.000,  0.675,  0.184,  0.152,  0.287,  0.247,  0.190,  0.016,  0.068,  2.282,  0.455,  0.343,  0.229,  1.517,  0.025,  0.021,  0.455,  0.007
204.000,  7.500, 16.500,  0.000,  0.616,  0.176,  0.132,  0.255,  0.226,  0.164,  0.013,  0.054,  2.336,  0.395,  0.310,  0.206,  1.315,  0.022,  0.020,  0.395,  0.007
204.000,  8.000, 30.921,  0.000,  1.031,  0.298,  0.216,  0.422,  0.378,  0.270,  0.029,  0.125,  3.515,  0.648,  0.581,  0.388,  2.161,  0.036,  0.034,  0.648,  0.011
204.000,  8.500, 27.147,  0.000,  0.904,  0.269,  0.183,  0.364,  0.331,  0.229,  0.022,  0.097,  3.354,  0.549,  0.498,  0.332,  1.831,  0.031,  0.030,  0.549,  0.010
204.000,  9.000, 40.723,  0.000,  1.261,  0.378,  0.252,  0.505,  0.462,  0.315,  0.038,  0.166,  4.367,  0.757,  0.748,  0.499,  2.523,  0.042,  0.042,  0.757,  0.013
204.000,  9.500, 39.785,  0.000,  1.228,  0.372,  0.242,  0.488,  0.450,  0.303,  0.036,  0.156,  4.376,  0.727,  0.725,  0.483,  2.424,  0.040,  0.041,  0.727,  0.013
204.000, 10.000, 47.484,  0.000,  1.407,  0.431,  0.273,  0.555,  0.516,  0.342,  0.045,  0.193,  4.927,  0.820,  0.860,  0.573,  2.732,  0.046,  0.048,  0.820,  0.015
204.000, 10.500, 45.526,  0.000,  1.355,  0.417,  0.262,  0.533,  0.497,  0.327,  0.042,  0.180,  4.832,  0.785,  0.821,  0.547,  2.617,  0.044,  0.046,  0.785,  0.014
204.000, 11.000, 50.723,  0.000,  1.478,  0.457,  0.283,  0.579,  0.542,  0.354,  0.048,  0.206,  5.202,  0.849,  0.913,  0.609,  2.830,  0.047,  0.050,  0.849,  0.016
204.000, 11.500, 49.717,  0.000,  1.453,  0.450,  0.278,  0.569,  0.533,  0.347,  0.046,  0.200,  5.160,  0.834,  0.894,  0.596,  2.779,  0.046,  0.050,  0.834,  0.015
204.000, 12.000, 59.180,  0.000,  1.686,  0.522,  0.323,  0.660,  0.618,  0.404,  0.059,  0.254,  5.767,  0.968,  1.069,  0.712,  3.228,  0.054,  0.057,  0.968,  0.017
204.000, 12.500, 54.149,  0.000,  1.559,  0.483,  0.298,  0.609,  0.572,  0.372,  0.052,  0.224,  5.437,  0.893,  0.974,  0.649,  2.976,  0.050,  0.053,  0.893,  0.016
204.000, 13.000, 57.099,  0.000,  1.633,  0.506,  0.312,  0.639,  0.599,  0.390,  0.056,  0.242,  5.624,  0.937,  1.029,  0.686,  3.123,  0.052,  0.056,  0.937,  0.017
204.000, 13.500, 56.546,  0.000,  1.622,  0.501,  0.312,  0.636,  0.595,  0.390,  0.056,  0.241,  5.549,  0.935,  1.022,  0.681,  3.117,  0.052,  0.055,  0.935,  0.017
204.000, 14.000, 54.580,  0.000,  1.576,  0.486,  0.303,  0.619,  0.578,  0.379,  0.053,  0.230,  5.424,  0.910,  0.986,  0.658,  3.033,  0.051,  0.054,  0.910,  0.016
204.000, 14.500, 52.865,  0.000,  1.543,  0.472,  0.301,  0.610,  0.566,  0.376,  0.052,  0.227,  5.240,  0.903,  0.961,  0.641,  3.010,  0.050,  0.052,  0.903,  0.016
204.000, 15.000, 53.518,  0.000,  1.572,  0.477,  0.310,  0.624,  0.576,  0.387,  0.054,  0.235,  5.265,  0.929,  0.980,  0.653,  3.096,  0.052,  0.053,  0.929,  0.016
204.000, 15.500, 52.070,  0.000,  1.564,  0.464,  0.318,  0.631,  0.574,  0.397,  0.056,  0.241,  5.026,  0.953,  0.970,  0.647,  3.176,  0.053,  0.052,  0.953,  0.015
204.000, 16.000, 45.242,  0.000,  1.393,  0.410,  0.286,  0.564,  0.511,  0.357,  0.047,  0.204,  4.519,  0.857,  0.845,  0.563,  2.857,  0.048,  0.046,  0.857,  0.014
204.000, 16.500, 44.310,  0.000,  1.407,  0.401,  0.300,  0.581,  0.516,  0.375,  0.050,  0.215,  4.309,  0.899,  0.849,  0.566,  2.997,  0.050,  0.045,  0.899,  0.013
204.000, 17.000, 19.388,  0.000,  0.902,  0.198,  0.245,  0.425,  0.331,  0.306,  0.032,  0.137,  1.914,  0.735,  0.463,  0.309,  2.449,  0.041,  0.025,  0.735,  0.006
204.000, 17.500, 33.884,  0.000,  1.178,  0.317,  0.268,  0.504,  0.432,  0.335,  0.040,  0.175,  3.369,  0.805,  0.677,  0.452,  2.683,  0.045,  0.037,  0.805,  0.010
204.000, 18.000,  8.837,  0.000,  0.712,  0.113,  0.232,  0.374,  0.261,  0.290,  0.026,  0.112,  0.873,  0.695,  0.310,  0.207,  2.318,  0.039,  0.016,  0.695,  0.003
204.000, 18.500, 13.408,  0.000,  0.804,  0.150,  0.242,  0.403,  0.295,  0.302,  0.029,  0.126,  1.310,  0.726,  0.381,  0.254,  2.418,  0.040,  0.020,  0.726,  0.004
204.000, 19.000,  0.367,  0.000,  0.516,  0.041,  0.204,  0.307,  0.189,  0.255,  0.018,  0.079,  0.037,  0.612,  0.169,  0.113,  2.041,  0.034,  0.009,  0.612,  0.000
204.000, 19.500,  0.000,  0.000,  0.542,  0.041,  0.217,  0.325,  0.199,  0.271,  0.020,  0.088,  0.000,  0.650,  0.178,  0.119,  2.166,  0.036,  0.009,  0.650,  0.000
204.000, 20.000,  0.000,  0.000,  0.455,  0.034,  0.182,  0.273,  0.167,  0.228,  0.015,  0.065,  0.000,  0.546,  0.142,  0.095,  1.820,  0.030,  0.008,  0.546,  0.000
204.000, 20.500,  0.000,  0.000,  0.484,  0.036,  0.194,  0.290,  0.178,  0.242,  0.017,  0.072,  0.000,  0.581,  0.154,  0.102,  1.936,  0.032,  0.008,  0.581,  0.000
204.000, 21.000,  0.000,  0.000,  0.430,  0.032,  0.172,  0.258,  0.158,  0.215,  0.014,  0.059,  0.000,  0.516,  0.132,  0.088,  1.720,  0.029,  0.007,  0.516,  0.000
204.000, 21.500,  0.000,  0.000,  0.431,  0.032,  0.173,  0.259,  0.158,  0.216,  0.014,  0.059,  0.000,  0.518,  0.132,  0.088,  1.725,  0.029,  0.007,  0.518,  0.000
204.000, 22.000,  0.000,  0.000,  0.385,  0.029,  0.154,  0.231,  0.141,  0.193,  0.011,  0.049,  0.000,  0.462,  0.114,  0.076,  1.540,  0.026,  0.006,  0.462,  0.000
204.000, 22.500,  0.000,  0.000,  0.414,  0.031,  0.166,  0.249,  0.152,  0.207,  0.013,  0.055,  0.000,  0.497,  0.125,  0.084,  1.657,  0.028,  0.007,  0.497,  0.000
204.000, 23.000,    nan,    nan,    nan,    nan,    nan,    nan,    nan,    nan,    nan,    nan,    nan,    nan,    nan,    nan,    nan,    nan,    nan,    nan,    nan
204.000, 23.500,    nan,    nan,    nan,    nan,    nan,    nan,    nan,    nan,    nan,    nan,    nan,    nan,    nan,    nan,    nan,    nan,    nan,    nan,    nan
205.000,  0.000,  0.000,  0.000,  0.336,  0.025,  0.134,  0.201,  0.123,  0.168,  0.009,  0.038,  0.000,  0.403,  0.095,  0.064,  1.343,  0.022,  0.006,  0.403,  0.000
205.000,  0.500,  0.000,  0.000,  0.338,  0.025,  0.135,  0.203,  0.124,  0.169,  0.009,  0.039,  0.000,  0.406,  0.096,  0.064,  1.354,  0.023,  0.006,  0.406,  0.000
205.000,  1.000,  0.000,  0.000,  0.329,  0.025,  0.132,  0.197,  0.121,  0.165,  0.009,  0.037,  0.000,  0.395,  0.093,  0.062,  1.316,  0.022,  0.005,  0.395,  0.000
205.000,  1.500,  0.000,  0.000,  0.334,  0.025,  0.134,  0.200,  0.123,  0.167,  0.009,  0.038,  0.000,  0.401,  0.095,  0.063,  1.337,  0.022,  0.006,  0.401,  0.000
205.000,  2.000,  0.000,  0.000,  0.337,  0.025,  0.135,  0.202,  0.124,  0.169,  0.009,  0.039,  0.000,  0.405,  0.096,  0.064,  1.349,  0.022,  0.006,  0.405,  0.000
205.000,  2.500,  0.000,  0.000,  0.335,  0.025,  0.134,  0.201,  0.123,  0.167,  0.009,  0.038,  0.000,  0.402,  0.095,  0.063,  1.339,  0.022,  0.006,  0.402,  0.000
205.000,  3.000,  0.000,  0.000,  0.335,  0.025,  0.134,  0.201,  0.123,  0.168,  0.009,  0.038,  0.000,  0.402,  0.095,  0.063,  1.341,  0.022,  0.006,  0.402,  0.000
205.000,  3.500,  0.000,  0.000,  0.338,  0.025,  0.135,  0.203,  0.124,  0.169,  0.009,  0.039,  0.000,  0.406,  0.096,  0.064,  1.353,  0.023,  0.006,  0.406,  0.000
205.000,  4.000,  0.000,  0.000,  0.325,  0.024,  0.130,  0.195,  0.119,  0.163,  0.008,  0.036,  0.000,  0.390,  0.091,  0.061,  1.301,  0.022,  0.005,  0.390,  0.000
205.000,  4.500,  0.000,  0.000,  0.332,  0.025,  0.133,  0.199,  0.122,  0.166,  0.009,  0.037,  0.000,  0.398,  0.094,  0.062,  1.326,  0.022,  0.006,  0.398,  0.000
205.000,  5.000,  4.616,  0.000,  0.414,  0.066,  0.134,  0.217,  0.152,  0.168,  0.010,  0.044,  0.605,  0.403,  0.156,  0.104,  1.343,  0.022,  0.009,  0.403,  0.002
205.000,  5.500,  1.576,  0.000,  0.355,  0.039,  0.131,  0.202,  0.130,  0.164,  0.009,  0.039,  0.207,  0.394,  0.113,  0.075,  1.312,  0.022,  0.007,  0.394,  0.001
205.000,  6.000, 15.946,  0.000,  0.692,  0.169,  0.172,  0.311,  0.254,  0.215,  0.018,  0.078,  1.949,  0.517,  0.341,  0.227,  1.723,  0.029,  0.020,  0.517,  0.006
205.000,  6.500, 14.448,  0.000,  0.632,  0.156,  0.156,  0.282,  0.232,  0.195,  0.015,  0.066,  1.867,  0.468,  0.305,  0.203,  1.558,  0.026,  0.019,  0.468,  0.006
205.000,  7.000, 33.008,  0.000,  1.128,  0.315,  0.246,  0.472,  0.414,  0.308,  0.035,  0.151,  3.567,  0.739,  0.641,  0.427,  2.463,  0.041,  0.036,  0.739,  0.011
205.000,  7.500, 30.941,  0.000,  1.022,  0.301,  0.210,  0.414,  0.375,  0.262,  0.028,  0.119,  3.639,  0.629,  0.575,  0.383,  2.097,  0.035,  0.034,  0.629,  0.011
205.000,  8.000, 50.385,  0.000,  1.533,  0.455,  0.311,  0.617,  0.562,  0.388,  0.053,  0.228,  5.036,  0.931,  0.939,  0.626,  3.105,  0.052,  0.051,  0.931,  0.015
205.000,  8.500, 48.878,  0.000,  1.458,  0.446,  0.284,  0.576,  0.535,  0.355,  0.046,  0.201,  5.118,  0.852,  0.889,  0.593,  2.839,  0.047,  0.049,  0.852,  0.015
205.000,  9.000, 63.883,  0.000,  1.824,  0.561,  0.353,  0.718,  0.669,  0.441,  0.066,  0.288,  6.114,  1.059,  1.165,  0.776,  3.529,  0.059,  0.062,  1.059,  0.018
205.000,  9.500, 62.517,  0.000,  1.772,  0.552,  0.336,  0.691,  0.650,  0.420,  0.062,  0.268,  6.132,  1.008,  1.127,  0.751,  3.362,  0.056,  0.061,  1.008,  0.018
205.000, 10.000, 76.774,  0.000,  2.110,  0.659,  0.399,  0.821,  0.774,  0.499,  0.082,  0.353,  7.047,  1.197,  1.388,  0.925,  3.989,  0.066,  0.072,  1.197,  0.021
205.000, 10.500, 72.948,  0.000,  2.004,  0.631,  0.374,  0.775,  0.735,  0.468,  0.074,  0.322,  6.868,  1.123,  1.308,  0.872,  3.743,  0.062,  0.069,  1.123,  0.021
205.000, 11.000, 80.795,  0.000,  2.181,  0.689,  0.405,  0.842,  0.800,  0.507,  0.085,  0.367,  7.369,  1.216,  1.449,  0.966,  4.054,  0.068,  0.075,  1.216,  0.022
205.000, 11.500, 83.588,  0.000,  2.252,  0.710,  0.419,  0.870,  0.826,  0.524,  0.089,  0.385,  7.554,  1.258,  1.502,  1.001,  4.194,  0.070,  0.078,  1.258,  0.023
205.000, 12.000, 80.832,  0.000,  2.170,  0.689,  0.400,  0.834,  0.796,  0.500,  0.083,  0.361,  7.399,  1.200,  1.443,  0.962,  4.001,  0.067,  0.075,  1.200,  0.022
205.000, 12.500, 80.123,  0.000,  2.154,  0.684,  0.397,  0.828,  0.790,  0.497,  0.082,  0.357,  7.345,  1.192,  1.430,  0.953,  3.973,  0.066,  0.075,  1.192,  0.022
205.000, 13.000, 82.060,  0.000,  2.208,  0.698,  0.410,  0.851,  0.810,  0.512,  0.086,  0.373,  7.454,  1.229,  1.470,  0.980,  4.097,  0.068,  0.076,  1.229,  0.022
205.000, 13.500, 80.532,  0.000,  2.176,  0.686,  0.406,  0.841,  0.798,  0.507,  0.085,  0.367,  7.317,  1.217,  1.446,  0.964,  4.057,  0.068,  0.075,  1.217,  0.022
205.000, 14.000, 77.309,  0.000,  2.099,  0.663,  0.391,  0.810,  0.770,  0.488,  0.080,  0.346,  7.139,  1.171,  1.385,  0.923,  3.905,  0.065,  0.072,  1.171,  0.021
205.000, 14.500, 78.547,  0.000,  2.154,  0.670,  0.410,  0.841,  0.790,  0.512,  0.085,  0.369,  7.083,  1.229,  1.425,  0.950,  4.098,  0.068,  0.074,  1.229,  0.021
205.000, 15.000, 72.482,  0.000,  2.007,  0.625,  0.381,  0.782,  0.736,  0.476,  0.076,  0.329,  6.719,  1.143,  1.311,  0.874,  3.809,  0.063,  0.069,  1.143,  0.020
205.000, 15.500, 71.803,  0.000,  2.025,  0.619,  0.395,  0.800,  0.743,  0.494,  0.079,  0.344,  6.543,  1.186,  1.319,  0.879,  3.952,  0.066,  0.068,  1.186,  0.020
205.000, 16.000, 62.031,  0.000,  1.801,  0.543,  0.358,  0.718,  0.660,  0.447,  0.067,  0.292,  5.817,  1.073,  1.147,  0.765,  3.577,  0.060,  0.060,  1.073,  0.017
205.000, 16.500, 58.960,  0.000,  1.777,  0.518,  0.369,  0.724,  0.652,  0.461,  0.069,  0.299,  5.431,  1.106,  1.120,  0.747,  3.686,  0.061,  0.058,  1.106,  0.016
205.000, 17.000, 28.416,  0.000,  1.234,  0.278,  0.329,  0.576,  0.452,  0.411,  0.051,  0.219,  2.598,  0.987,  0.676,  0.450,  3.290,  0.055,  0.034,  0.987,  0.008
205.000, 17.500, 46.496,  0.000,  1.542,  0.421,  0.346,  0.654,  0.565,  0.432,  0.060,  0.259,  4.333,  1.037,  0.930,  0.620,  3.457,  0.058,  0.048,  1.037,  0.013
205.000, 18.000, 13.064,  0.000,  0.958,  0.157,  0.308,  0.500,  0.351,  0.385,  0.041,  0.179,  1.185,  0.924,  0.451,  0.301,  3.080,  0.051,  0.022,  0.924,  0.004
205.000, 18.500, 19.874,  0.000,  1.087,  0.210,  0.320,  0.538,  0.399,  0.400,  0.046,  0.199,  1.802,  0.960,  0.554,  0.369,  3.201,  0.053,  0.028,  0.960,  0.005
205.000, 19.000,  0.550,  0.000,  0.687,  0.055,  0.272,  0.409,  0.252,  0.340,  0.030,  0.129,  0.051,  0.815,  0.246,  0.164,  2.716,  0.045,  0.012,  0.815,  0.000
205.000, 19.500,  0.000,  0.000,  0.695,  0.052,  0.278,  0.417,  0.255,  0.348,  0.031,  0.133,  0.000,  0.835,  0.246,  0.164,  2.782,  0.046,  0.012,  0.835,  0.000
205.000, 20.000,  0.000,  0.000,  0.586,  0.044,  0.234,  0.352,  0.215,  0.293,  0.023,  0.100,  0.000,  0.703,  0.197,  0.131,  2.343,  0.039,  0.010,  0.703,  0.000
205.000, 20.500,  0.000,  0.000,  0.614,  0.046,  0.246,  0.369,  0.225,  0.307,  0.025,  0.108,  0.000,  0.737,  0.210,  0.140,  2.458,  0.041,  0.010,  0.737,  0.000
205.000, 21.000,  0.000,  0.000,  0.525,  0.039,  0.210,  0.315,  0.192,  0.262,  0.019,  0.082,  0.000,  0.630,  0.170,  0.114,  2.099,  0.035,  0.009,  0.630,  0.000
205.000, 21.500,  0.000,  0.000,  0.556,  0.042,  0.222,  0.334,  0.204,  0.278,  0.021,  0.091,  0.000,  0.667,  0.184,  0.123,  2.224,  0.037,  0.009,  0.667,  0.000
205.000, 22.000,  0.000,  0.000,  0.500,  0.038,  0.200,  0.300,  0.183,  0.250,  0.017,  0.076,  0.000,  0.600,  0.160,  0.107,  2.001,  0.033,  0.008,  0.600,  0.000
205.000, 22.500,  0.000,  0.000,  0.512,  0.038,  0.205,  0.307,  0.188,  0.256,  0.018,  0.079,  0.000,  0.614,  0.165,  0.110,  2.047,  0.034,  0.009,  0.614,  0.000
205.000, 23.000,    nan,    nan,    nan,    nan,    nan,    nan,    nan,    nan,    nan,    nan,    nan,    nan,    nan,    nan,    nan,    nan,    nan,    nan,    nan
205.000, 23.500,    nan,    nan,    nan,    nan,    nan,    nan,    nan,    nan,    nan,    nan,    nan,    nan,    nan,    nan,    nan,    nan,    nan,    nan,    nan
206.000,  0.000,  0.000,  0.000,  0.425,  0.032,  0.170,  0.255,  0.156,  0.212,  0.013,  0.057,  0.000,  0.510,  0.129,  0.086,  1.699,  0.028,  0.007,  0.510,  0.000
206.000,  0.500,  0.000,  0.000,  0.455,  0.034,  0.182,  0.273,  0.167,  0.227,  0.015,  0.064,  0.000,  0.546,  0.141,  0.094,  1.819,  0.030,  0.008,  0.546,  0.000
206.000,  1.000,  0.000,  0.000,  0.389,  0.029,  0.156,  0.234,  0.143,  0.195,  0.011,  0.049,  0.000,  0.467,  0.115,  0.077,  1.557,  0.026,  0.006,  0.467,  0.000
206.000,  1.500,  0.000,  0.000,  0.406,  0.030,  0.162,  0.244,  0.149,  0.203,  0.012,  0.053,  0.000,  0.487,  0.122,  0.081,  1.625,  0.027,  0.007,  0.487,  0.000
206.000,  2.000,  0.000,  0.000,  0.376,  0.028,  0.150,  0.225,  0.138,  0.188,  0.011,  0.046,  0.000,  0.451,  0.110,  0.073,  1.502,  0.025,  0.006,  0.451,  0.000
206.000,  2.500,  0.000,  0.000,  0.382,  0.029,  0.153,  0.229,  0.140,  0.191,  0.011,  0.048,  0.000,  0.458,  0.112,  0.075,  1.526,  0.025,  0.006,  0.458,  0.000
206.000,  3.000,  0.000,  0.000,  0.360,  0.027,  0.144,  0.216,  0.132,  0.180,  0.010,  0.043,  0.000,  0.432,  0.104,  0.069,  1.439,  0.024,  0.006,  0.432,  0.000
206.000,  3.500,  0.000,  0.000,  0.369,  0.028,  0.148,  0.221,  0.135,  0.185,  0.010,  0.045,  0.000,  0.443,  0.108,  0.072,  1.476,  0.025,  0.006,  0.443,  0.000
206.000,  4.000,  0.000,  0.000,  0.347,  0.026,  0.139,  0.208,  0.127,  0.173,  0.009,  0.040,  0.000,  0.416,  0.099,  0.066,  1.387,  0.023,  0.006,  0.416,  0.000
206.000,  4.500,  0.000,  0.000,  0.355,  0.027,  0.142,  0.213,  0.130,  0.177,  0.010,  0.042,  0.000,  0.426,  0.102,  0.068,  1.419,  0.024,  0.006,  0.426,  0.000
206.000,  5.000,  4.855,  0.000,  0.437,  0.069,  0.142,  0.230,  0.160,  0.178,  0.011,  0.048,  0.621,  0.427,  0.166,  0.111,  1.422,  0.024,  0.010,  0.427,  0.002
206.000,  5.500,  1.656,  0.000,  0.372,  0.040,  0.138,  0.212,  0.137,  0.172,  0.010,  0.042,  0.213,  0.413,  0.120,  0.080,  1.378,  0.023,  0.007,  0.413,  0.001
206.000,  6.000, 18.034,  0.000,  0.764,  0.188,  0.189,  0.342,  0.280,  0.236,  0.021,  0.091,  2.132,  0.567,  0.385,  0.257,  1.891,  0.032,  0.022,  0.567,  0.006
206.000,  6.500, 16.150,  0.000,  0.688,  0.172,  0.168,  0.306,  0.252,  0.210,  0.017,  0.075,  2.036,  0.504,  0.339,  0.226,  1.681,  0.028,  0.020,  0.504,  0.006
206.000,  7.000, 34.262,  0.000,  1.159,  0.326,  0.251,  0.483,  0.425,  0.314,  0.036,  0.156,  3.705,  0.753,  0.662,  0.441,  2.510,  0.042,  0.037,  0.753,  0.011
206.000,  7.500, 34.206,  0.000,  1.110,  0.329,  0.226,  0.448,  0.407,  0.282,  0.031,  0.135,  3.940,  0.678,  0.634,  0.423,  2.260,  0.038,  0.037,  0.678,  0.012
206.000,  8.000, 51.176,  0.000,  1.546,  0.463,  0.310,  0.619,  0.567,  0.387,  0.053,  0.228,  5.162,  0.929,  0.948,  0.632,  3.097,  0.052,  0.051,  0.929,  0.015
206.000,  8.500, 49.245,  0.000,  1.462,  0.451,  0.282,  0.574,  0.536,  0.352,  0.046,  0.199,  5.217,  0.845,  0.891,  0.594,  2.817,  0.047,  0.050,  0.845,  0.016
206.000,  9.000, 66.913,  0.000,  1.893,  0.586,  0.363,  0.742,  0.694,  0.454,  0.069,  0.301,  6.393,  1.089,  1.216,  0.811,  3.630,  0.060,  0.064,  1.089,  0.019
206.000,  9.500, 63.562,  0.000,  1.790,  0.562,  0.336,  0.694,  0.656,  0.420,  0.062,  0.269,  6.290,  1.008,  1.140,  0.760,  3.359,  0.056,  0.062,  1.008,  0.019
206.000, 10.000, 75.913,  0.000,  2.081,  0.655,  0.389,  0.805,  0.763,  0.486,  0.079,  0.340,  7.097,  1.167,  1.365,  0.910,  3.891,  0.065,  0.072,  1.167,  0.021
206.000, 10.500, 74.181,  0.000,  2.028,  0.643,  0.375,  0.781,  0.744,  0.469,  0.075,  0.323,  7.046,  1.125,  1.325,  0.883,  3.752,  0.063,  0.070,  1.125,  0.021
206.000, 11.000, 77.801,  0.000,  2.104,  0.671,  0.386,  0.807,  0.771,  0.482,  0.078,  0.339,  7.327,  1.157,  1.385,  0.923,  3.857,  0.064,  0.073,  1.157,  0.022
206.000, 11.500, 80.723,  0.000,  2.176,  0.692,  0.400,  0.835,  0.798,  0.500,  0.083,  0.358,  7.497,  1.200,  1.441,  0.960,  4.002,  0.067,  0.075,  1.200,  0.022
206.000, 12.000, 82.613,  0.000,  2.214,  0.706,  0.406,  0.849,  0.812,  0.507,  0.085,  0.368,  7.614,  1.217,  1.472,  0.982,  4.058,  0.068,  0.077,  1.217,  0.023
206.000, 12.500, 78.324,  0.000,  2.106,  0.675,  0.383,  0.804,  0.772,  0.478,  0.077,  0.336,  7.410,  1.148,  1.388,  0.925,  3.828,  0.064,  0.073,  1.148,  0.022
206.000, 13.000, 76.593,  0.000,  2.066,  0.662,  0.376,  0.789,  0.758,  0.470,  0.075,  0.327,  7.277,  1.128,  1.358,  0.905,  3.761,  0.063,  0.072,  1.128,  0.022
206.000, 13.500, 83.601,  0.000,  2.252,  0.712,  0.418,  0.869,  0.826,  0.523,  0.088,  0.383,  7.610,  1.254,  1.500,  1.000,  4.181,  0.070,  0.078,  1.254,  0.023
206.000, 14.000, 77.609,  0.000,  2.103,  0.668,  0.388,  0.808,  0.771,  0.484,  0.079,  0.341,  7.276,  1.162,  1.385,  0.923,  3.875,  0.065,  0.073,  1.162,  0.022
206.000, 14.500, 73.778,  0.000,  2.027,  0.639,  0.378,  0.783,  0.743,  0.472,  0.075,  0.325,  6.977,  1.133,  1.323,  0.882,  3.777,  0.063,  0.070,  1.133,  0.021
206.000, 15.000, 73.180,  0.000,  2.022,  0.633,  0.381,  0.786,  0.741,  0.476,  0.076,  0.329,  6.850,  1.143,  1.320,  0.880,  3.811,  0.064,  0.069,  1.143,  0.021
206.000, 15.500, 69.193,  0.000,  1.958,  0.600,  0.380,  0.772,  0.718,  0.476,  0.075,  0.324,  6.425,  1.141,  1.267,  0.845,  3.804,  0.063,  0.066,  1.141,  0.019
206.000, 16.000, 64.035,  0.000,  1.847,  0.561,  0.364,  0.733,  0.677,  0.454,  0.069,  0.299,  6.042,  1.091,  1.180,  0.787,  3.635,  0.061,  0.062,  1.091,  0.018
206.000, 16.500, 62.133,  0.000,  1.864,  0.545,  0.386,  0.759,  0.684,  0.482,  0.074,  0.320,  5.697,  1.157,  1.182,  0.788,  3.857,  0.064,  0.061,  1.157,  0.017
206.000, 17.000, 25.638,  0.000,  1.159,  0.255,  0.314,  0.546,  0.425,  0.393,  0.047,  0.202,  2.387,  0.943,  0.622,  0.415,  3.142,  0.052,  0.032,  0.943,  0.007
206.000, 17.500, 47.960,  0.000,  1.567,  0.433,  0.347,  0.660,  0.575,  0.434,  0.061,  0.263,  4.480,  1.041,  0.951,  0.634,  3.470,  0.058,  0.049,  1.041,  0.013
206.000, 18.000, 11.810,  0.000,  0.883,  0.144,  0.284,  0.461,  0.324,  0.355,  0.036,  0.157,  1.104,  0.853,  0.408,  0.272,  2.842,  0.047,  0.020,  0.853,  0.003
206.000, 18.500, 17.775,  0.000,  1.014,  0.192,  0.302,  0.505,  0.372,  0.378,  0.042,  0.181,  1.646,  0.906,  0.506,  0.337,  3.020,  0.050,  0.026,  0.906,  0.005
206.000, 19.000,  0.450,  0.000,  0.622,  0.050,  0.246,  0.371,  0.228,  0.308,  0.025,  0.109,  0.044,  0.739,  0.216,  0.144,  2.463,  0.041,  0.011,  0.739,  0.000
206.000, 19.500,  0.000,  0.000,  0.640,  0.048,  0.256,  0.384,  0.235,  0.320,  0.027,  0.116,  0.000,  0.768,  0.221,  0.148,  2.560,  0.043,  0.011,  0.768,  0.000
206.000, 20.000,  0.000,  0.000,  0.571,  0.043,  0.228,  0.343,  0.209,  0.286,  0.022,  0.095,  0.000,  0.685,  0.190,  0.127,  2.284,  0.038,  0.010,  0.685,  0.000
206.000, 20.500,  0.000,  0.000,  0.591,  0.044,  0.236,  0.355,  0.217,  0.296,  0.023,  0.101,  0.000,  0.709,  0.199,  0.133,  2.365,  0.039,  0.010,  0.709,  0.000
206.000, 21.000,  0.000,  0.000,  0.536,  0.040,  0.214,  0.321,  0.196,  0.268,  0.020,  0.085,  0.000,  0.643,  0.175,  0.117,  2.143,  0.036,  0.009,  0.643,  0.000
206.000, 21.500,  0.000,  0.000,  0.560,  0.042,  0.224,  0.336,  0.205,  0.280,  0.021,  0.092,  0.000,  0.672,  0.185,  0.124,  2.238,  0.037,  0.009,  0.672,  0.000
206.000, 22.000,    nan,    nan,    nan,    nan,    nan,    nan,    nan,    nan,    nan,    nan,    nan,    nan,    nan,    nan,    nan,    nan,    nan,    nan,    nan
206.000, 22.500,    nan,    nan,    nan,    nan,    nan,    nan,    nan,    nan,    nan,    nan,    nan,    nan,    nan,    nan,    nan,    nan,    nan,    nan,    nan
206.000, 23.000,  0.000,  0.000,  0.469,  0.035,  0.188,  0.282,  0.172,  0.235,  0.016,  0.068,  0.000,  0.563,  0.147,  0.098,  1.877,  0.031,  0.008,  0.563,  0.000
206.000, 23.500,  0.000,  0.000,  0.483,  0.036,  0.193,  0.290,  0.177,  0.242,  0.016,  0.071,  0.000,  0.580,  0.153,  0.102,  1.933,  0.032,  0.008,  0.580,  0.000
207.000,  0.000,  0.000,  0.000,  0.426,  0.032,  0.170,  0.255,  0.156,  0.213,  0.013,  0.057,  0.000,  0.511,  0.130,  0.086,  1.702,  0.028,  0.007,  0.511,  0.000
207.000,  0.500,  0.000,  0.000,  0.442,  0.033,  0.177,  0.265,  0.162,  0.221,  0.014,  0.061,  0.000,  0.530,  0.136,  0.091,  1.767,  0.029,  0.007,  0.530,  0.000
207.000,  1.000,  0.000,  0.000,  0.437,  0.033,  0.175,  0.262,  0.160,  0.218,  0.014,  0.060,  0.000,  0.524,  0.134,  0.089,  1.747,  0.029,  0.007,  0.524,  0.000
207.000,  1.500,  0.000,  0.000,  0.425,  0.032,  0.170,  0.255,  0.156,  0.213,  0.013,  0.057,  0.000,  0.510,  0.130,  0.086,  1.701,  0.028,  0.007,  0.510,  0.000
207.000,  2.000,  0.000,  0.000,  0.429,  0.032,  0.172,  0.257,  0.157,  0.214,  0.013,  0.058,  0.000,  0.515,  0.131,  0.087,  1.715,  0.029,  0.007,  0.515,  0.000
207.000,  2.500,  0.000,  0.000,  0.432,  0.032,  0.173,  0.259,  0.158,  0.216,  0.014,  0.059,  0.000,  0.518,  0.132,  0.088,  1.727,  0.029,  0.007,  0.518,  0.000
207.000,  3.000,  0.000,  0.000,  0.411,  0.031,  0.164,  0.247,  0.151,  0.206,  0.012,  0.054,  0.000,  0.493,  0.124,  0.083,  1.644,  0.027,  0.007,  0.493,  0.000
207.000,  3.500,  0.000,  0.000,  0.417,  0.031,  0.167,  0.250,  0.153,  0.208,  0.013,  0.055,  0.000,  0.500,  0.126,  0.084,  1.667,  0.028,  0.007,  0.500,  0.000
207.000,  4.000,  0.000,  0.000,  0.398,  0.030,  0.159,  0.239,  0.146,  0.199,  0.012,  0.051,  0.000,  0.478,  0.119,  0.079,  1.593,  0.027,  0.007,  0.478,  0.000
207.000,  4.500,  0.000,  0.000,  0.403,  0.030,  0.161,  0.242,  0.148,  0.202,  0.012,  0.052,  0.000,  0.484,  0.121,  0.081,  1.612,  0.027,  0.007,  0.484,  0.000
207.000,  5.000,  5.398,  0.000,  0.490,  0.076,  0.161,  0.259,  0.180,  0.201,  0.014,  0.059,  0.656,  0.482,  0.191,  0.128,  1.608,  0.027,  0.011,  0.482,  0.002
207.000,  5.500,  2.040,  0.000,  0.427,  0.047,  0.158,  0.243,  0.157,  0.197,  0.012,  0.053,  0.249,  0.473,  0.144,  0.096,  1.576,  0.026,  0.008,  0.473,  0.001
207.000,  6.000, 19.553,  0.000,  0.814,  0.202,  0.200,  0.363,  0.298,  0.251,  0.023,  0.100,  2.265,  0.601,  0.416,  0.278,  2.004,  0.033,  0.024,  0.601,  0.007
207.000,  6.500, 18.785,  0.000,  0.766,  0.196,  0.184,  0.337,  0.281,  0.229,  0.020,  0.087,  2.301,  0.551,  0.389,  0.259,  1.835,  0.031,  0.023,  0.551,  0.007
207.000,  7.000, 36.178,  0.000,  1.207,  0.343,  0.259,  0.500,  0.443,  0.323,  0.038,  0.164,  3.897,  0.776,  0.695,  0.464,  2.586,  0.043,  0.039,  0.776,  0.012
207.000,  7.500, 36.629,  0.000,  1.168,  0.350,  0.234,  0.468,  0.428,  0.293,  0.033,  0.143,  4.192,  0.703,  0.675,  0.450,  2.342,  0.039,  0.039,  0.703,  0.013
207.000,  8.000, 51.428,  0.000,  1.541,  0.467,  0.305,  0.613,  0.565,  0.381,  0.051,  0.223,  5.266,  0.913,  0.946,  0.630,  3.045,  0.051,  0.052,  0.913,  0.016
207.000,  8.500, 51.671,  0.000,  1.518,  0.471,  0.290,  0.593,  0.557,  0.362,  0.048,  0.209,  5.456,  0.869,  0.932,  0.621,  2.897,  0.048,  0.052,  0.869,  0.016
207.000,  9.000, 65.994,  0.000,  1.854,  0.581,  0.349,  0.720,  0.680,  0.437,  0.066,  0.285,  6.442,  1.048,  1.188,  0.792,  3.492,  0.058,  0.064,  1.048,  0.019
207.000,  9.500, 63.432,  0.000,  1.778,  0.563,  0.329,  0.685,  0.652,  0.412,  0.060,  0.261,  6.374,  0.988,  1.131,  0.754,  3.293,  0.055,  0.061,  0.988,  0.019
207.000, 10.000, 75.115,  0.000,  2.042,  0.651,  0.375,  0.783,  0.749,  0.468,  0.075,  0.324,  7.164,  1.124,  1.337,  0.891,  3.745,  0.062,  0.071,  1.124,  0.021
207.000, 10.500, 73.022,  0.000,  1.986,  0.636,  0.361,  0.759,  0.728,  0.452,  0.071,  0.306,  7.080,  1.084,  1.294,  0.862,  3.614,  0.060,  0.069,  1.084,  0.021
207.000, 11.000, 78.430,  0.000,  2.106,  0.677,  0.381,  0.803,  0.772,  0.477,  0.077,  0.334,  7.453,  1.144,  1.388,  0.925,  3.812,  0.064,  0.074,  1.144,  0.022
207.000, 11.500, 78.282,  0.000,  2.101,  0.677,  0.379,  0.799,  0.770,  0.474,  0.076,  0.331,  7.480,  1.137,  1.383,  0.922,  3.789,  0.063,  0.073,  1.137,  0.022
207.000, 12.000, 81.803,  0.000,  2.176,  0.702,  0.392,  0.827,  0.798,  0.489,  0.081,  0.351,  7.687,  1.174,  1.444,  0.963,  3.915,  0.065,  0.076,  1.174,  0.023
207.000, 12.500, 86.384,  0.000,  2.290,  0.736,  0.414,  0.872,  0.840,  0.518,  0.088,  0.381,  7.957,  1.243,  1.532,  1.021,  4.144,  0.069,  0.080,  1.243,  0.024
207.000, 13.000, 84.375,  0.000,  2.243,  0.721,  0.406,  0.855,  0.822,  0.508,  0.085,  0.370,  7.819,  1.218,  1.496,  0.997,  4.060,  0.068,  0.078,  1.218,  0.023
207.000, 13.500, 82.863,  0.000,  2.213,  0.709,  0.403,  0.846,  0.812,  0.504,  0.084,  0.365,  7.684,  1.209,  1.472,  0.982,  4.030,  0.067,  0.077,  1.209,  0.023
207.000, 14.000, 83.557,  0.000,  2.241,  0.714,  0.412,  0.860,  0.822,  0.515,  0.087,  0.375,  7.691,  1.235,  1.492,  0.995,  4.116,  0.069,  0.078,  1.235,  0.023
207.000, 14.500, 81.989,  0.000,  2.216,  0.700,  0.412,  0.855,  0.813,  0.515,  0.086,  0.374,  7.510,  1.235,  1.472,  0.981,  4.116,  0.069,  0.077,  1.235,  0.023
207.000, 15.000, 77.679,  0.000,  2.119,  0.668,  0.395,  0.819,  0.777,  0.494,  0.081,  0.350,  7.217,  1.186,  1.396,  0.930,  3.952,  0.066,  0.073,  1.186,  0.022
207.000, 15.500, 76.669,  0.000,  2.139,  0.658,  0.413,  0.840,  0.784,  0.516,  0.085,  0.368,  6.974,  1.238,  1.404,  0.936,  4.127,  0.069,  0.073,  1.238,  0.021
207.000, 16.000, 64.542,  0.000,  1.852,  0.565,  0.362,  0.732,  0.679,  0.452,  0.069,  0.298,  6.118,  1.085,  1.184,  0.790,  3.615,  0.060,  0.062,  1.085,  0.018
207.000, 16.500, 62.937,  0.000,  1.850,  0.552,  0.373,  0.743,  0.678,  0.466,  0.071,  0.308,  5.867,  1.118,  1.177,  0.785,  3.727,  0.062,  0.061,  1.118,  0.018
207.000, 17.000, 26.541,  0.000,  1.192,  0.263,  0.323,  0.561,  0.437,  0.404,  0.049,  0.213,  2.439,  0.969,  0.645,  0.430,  3.228,  0.054,  0.033,  0.969,  0.007
207.000, 17.500, 50.253,  0.000,  1.607,  0.450,  0.350,  0.671,  0.589,  0.437,  0.062,  0.270,  4.683,  1.050,  0.985,  0.657,  3.499,  0.058,  0.051,  1.050,  0.014
207.000, 18.000, 12.353,  0.000,  0.913,  0.149,  0.293,  0.476,  0.335,  0.367,  0.038,  0.166,  1.147,  0.880,  0.426,  0.284,  2.933,  0.049,  0.021,  0.880,  0.003
207.000, 18.500, 17.991,  0.000,  1.037,  0.195,  0.310,  0.518,  0.380,  0.388,  0.044,  0.190,  1.650,  0.931,  0.519,  0.346,  3.104,  0.052,  0.026,  0.931,  0.005
207.000, 19.000,  0.380,  0.000,  0.636,  0.050,  0.252,  0.379,  0.233,  0.315,  0.026,  0.114,  0.037,  0.756,  0.222,  0.148,  2.521,  0.042,  0.011,  0.756,  0.000
207.000, 19.500,  0.000,  0.000,  0.657,  0.049,  0.263,  0.394,  0.241,  0.329,  0.028,  0.122,  0.000,  0.789,  0.229,  0.153,  2.629,  0.044,  0.011,  0.789,  0.000
207.000, 20.000,  0.000,  0.000,  0.569,  0.043,  0.228,  0.341,  0.209,  0.285,  0.022,  0.095,  0.000,  0.683,  0.190,  0.127,  2.276,  0.038,  0.009,  0.683,  0.000
207.000, 20.500,  0.000,  0.000,  0.598,  0.045,  0.239,  0.359,  0.219,  0.299,  0.024,  0.104,  0.000,  0.718,  0.203,  0.135,  2.392,  0.040,  0.010,  0.718,  0.000
207.000, 21.000,  0.000,  0.000,  0.519,  0.039,  0.208,  0.312,  0.190,  0.260,  0.019,  0.081,  0.000,  0.623,  0.168,  0.112,  2.077,  0.035,  0.009,  0.623,  0.000
207.000, 21.500,  0.000,  0.000,  0.544,  0.041,  0.218,  0.326,  0.199,  0.272,  0.020,  0.088,  0.000,  0.653,  0.179,  0.119,  2.176,  0.036,  0.009,  0.653,  0.000
207.000, 22.000,  0.000,  0.000,  0.508,  0.038,  0.203,  0.305,  0.186,  0.254,  0.018,  0.078,  0.000,  0.610,  0.164,  0.109,  2.032,  0.034,  0.008,  0.610,  0.000
207.000, 22.500,  0.000,  0.000,  0.508,  0.038,  0.203,  0.305,  0.186,  0.254,  0.018,  0.078,  0.000,  0.609,  0.164,  0.109,  2.031,  0.034,  0.008,  0.609,  0.000
207.000, 23.000,    nan,    nan,    nan,    nan,    nan,    nan,    nan,    nan,    nan,    nan,    nan,    nan,    nan,    nan,    nan,    nan,    nan,    nan,    nan
207.000, 23.500,    nan,    nan,    nan,    nan,    nan,    nan,    nan,    nan,    nan,    nan,    nan,    nan,    nan,    nan,    nan,    nan,    nan,    nan,    nan
208.000,  0.000,  0.000,  0.000,  0.469,  0.035,  0.187,  0.281,  0.172,  0.234,  0.016,  0.068,  0.000,  0.562,  0.147,  0.098,  1.874,  0.031,  0.008,  0.562,  0.000
208.000,  0.500,  0.000,  0.000,  0.476,  0.036,  0.190,  0.286,  0.175,  0.238,  0.016,  0.070,  0.000,  0.571,  0.150,  0.100,  1.904,  0.032,  0.008,  0.571,  0.000
208.000,  1.000,  0.000,  0.000,  0.464,  0.035,  0.185,  0.278,  0.170,  0.232,  0.015,  0.067,  0.000,  0.556,  0.145,  0.097,  1.854,  0.031,  0.008,  0.556,  0.000
208.000,  1.500,  0.000,  0.000,  0.469,  0.035,  0.188,  0.281,  0.172,  0.234,  0.016,  0.068,  0.000,  0.563,  0.147,  0.098,  1.875,  0.031,  0.008,  0.563,  0.000
208.000,  2.000,  0.000,  0.000,  0.410,  0.031,  0.164,  0.246,  0.150,  0.205,  0.012,  0.054,  0.000,  0.492,  0.124,  0.083,  1.641,  0.027,  0.007,  0.492,  0.000
208.000,  2.500,  0.000,  0.000,  0.473,  0.035,  0.189,  0.284,  0.173,  0.236,  0.016,  0.069,  0.000,  0.567,  0.149,  0.099,  1.891,  0.032,  0.008,  0.567,  0.000
208.000,  3.000,  0.000,  0.000,  0.315,  0.024,  0.126,  0.189,  0.115,  0.157,  0.008,  0.034,  0.000,  0.377,  0.088,  0.058,  1.258,  0.021,  0.005,  0.377,  0.000
208.000,  3.500,  0.000,  0.000,  0.346,  0.026,  0.138,  0.207,  0.127,  0.173,  0.009,  0.040,  0.000,  0.415,  0.099,  0.066,  1.383,  0.023,  0.006,  0.415,  0.000
208.000,  4.000,  0.000,  0.000,  0.267,  0.020,  0.107,  0.160,  0.098,  0.133,  0.006,  0.026,  0.000,  0.320,  0.071,  0.047,  1.068,  0.018,  0.004,  0.320,  0.000
208.000,  4.500,  0.000,  0.000,  0.298,  0.022,  0.119,  0.179,  0.109,  0.149,  0.007,  0.031,  0.000,  0.358,  0.082,  0.054,  1.192,  0.020,  0.005,  0.358,  0.000
208.000,  5.000,  0.111,  0.000,  0.251,  0.020,  0.100,  0.150,  0.092,  0.125,  0.005,  0.023,  0.017,  0.299,  0.066,  0.044,  0.998,  0.017,  0.004,  0.299,  0.000
208.000,  5.500,  0.023,  0.000,  0.247,  0.019,  0.099,  0.148,  0.091,  0.123,  0.005,  0.023,  0.004,  0.296,  0.064,  0.043,  0.988,  0.016,  0.004,  0.296,  0.000
208.000,  6.000,  0.658,  0.000,  0.269,  0.026,  0.103,  0.157,  0.099,  0.129,  0.006,  0.025,  0.100,  0.309,  0.076,  0.051,  1.029,  0.017,  0.005,  0.309,  0.000
208.000,  6.500,  0.740,  0.000,  0.274,  0.027,  0.104,  0.159,  0.100,  0.130,  0.006,  0.026,  0.112,  0.313,  0.078,  0.052,  1.042,  0.017,  0.005,  0.313,  0.000
208.000,  7.000,  9.028,  0.000,  0.473,  0.107,  0.126,  0.220,  0.173,  0.157,  0.010,  0.043,  1.319,  0.376,  0.206,  0.137,  1.255,  0.021,  0.013,  0.376,  0.004
208.000,  7.500,  3.653,  0.000,  0.340,  0.055,  0.110,  0.178,  0.125,  0.138,  0.007,  0.031,  0.551,  0.330,  0.122,  0.081,  1.100,  0.018,  0.008,  0.330,  0.002
208.000,  8.000, 20.424,  0.000,  0.763,  0.213,  0.167,  0.320,  0.280,  0.209,  0.018,  0.078,  2.696,  0.501,  0.394,  0.263,  1.670,  0.028,  0.024,  0.501,  0.008
208.000,  8.500, 13.276,  0.000,  0.579,  0.147,  0.139,  0.255,  0.212,  0.174,  0.013,  0.054,  1.875,  0.418,  0.274,  0.183,  1.393,  0.023,  0.017,  0.418,  0.006
208.000,  9.000, 29.268,  0.000,  1.001,  0.289,  0.211,  0.411,  0.367,  0.263,  0.027,  0.117,  3.513,  0.632,  0.554,  0.369,  2.105,  0.035,  0.033,  0.632,  0.011
208.000,  9.500, 27.799,  0.000,  0.949,  0.277,  0.196,  0.386,  0.348,  0.245,  0.024,  0.105,  3.456,  0.589,  0.520,  0.347,  1.963,  0.033,  0.031,  0.589,  0.010
208.000, 10.000, 39.148,  0.000,  1.259,  0.370,  0.258,  0.510,  0.462,  0.323,  0.038,  0.166,  4.323,  0.775,  0.734,  0.489,  2.584,  0.043,  0.041,  0.775,  0.013
208.000, 10.500, 36.094,  0.000,  1.167,  0.346,  0.237,  0.471,  0.428,  0.296,  0.033,  0.145,  4.143,  0.711,  0.671,  0.447,  2.371,  0.040,  0.039,  0.711,  0.012
208.000, 11.000, 31.261,  0.000,  1.097,  0.304,  0.241,  0.461,  0.402,  0.302,  0.033,  0.143,  3.520,  0.724,  0.612,  0.408,  2.414,  0.040,  0.035,  0.724,  0.011
208.000, 11.500, 31.326,  0.000,  1.084,  0.305,  0.234,  0.451,  0.397,  0.293,  0.032,  0.137,  3.581,  0.703,  0.605,  0.404,  2.343,  0.039,  0.035,  0.703,  0.011
208.000, 12.000, 17.473,  0.000,  0.830,  0.187,  0.221,  0.387,  0.304,  0.277,  0.026,  0.112,  1.977,  0.664,  0.411,  0.274,  2.214,  0.037,  0.023,  0.664,  0.006
208.000, 12.500, 21.674,  0.000,  0.911,  0.223,  0.227,  0.410,  0.334,  0.284,  0.028,  0.121,  2.450,  0.682,  0.472,  0.315,  2.274,  0.038,  0.027,  0.682,  0.007
208.000, 13.000, 42.924,  0.000,  1.361,  0.401,  0.279,  0.551,  0.499,  0.349,  0.043,  0.188,  4.602,  0.837,  0.806,  0.537,  2.790,  0.046,  0.045,  0.837,  0.014
208.000, 13.500, 38.367,  0.000,  1.237,  0.364,  0.253,  0.501,  0.453,  0.317,  0.037,  0.160,  4.282,  0.760,  0.718,  0.479,  2.532,  0.042,  0.041,  0.760,  0.013
208.000, 14.000, 33.249,  0.000,  1.159,  0.321,  0.256,  0.487,  0.425,  0.320,  0.036,  0.157,  3.653,  0.767,  0.654,  0.436,  2.557,  0.043,  0.037,  0.767,  0.011
208.000, 14.500, 37.157,  0.000,  1.244,  0.353,  0.267,  0.515,  0.456,  0.333,  0.039,  0.170,  4.030,  0.800,  0.717,  0.478,  2.666,  0.044,  0.040,  0.800,  0.012
208.000, 15.000, 40.015,  0.000,  1.307,  0.377,  0.275,  0.537,  0.479,  0.344,  0.042,  0.181,  4.299,  0.825,  0.763,  0.509,  2.751,  0.046,  0.042,  0.825,  0.013
208.000, 15.500, 26.811,  0.000,  1.027,  0.266,  0.242,  0.448,  0.377,  0.303,  0.032,  0.139,  2.977,  0.727,  0.555,  0.370,  2.425,  0.040,  0.031,  0.727,  0.009
208.000, 16.000, 35.697,  0.000,  1.217,  0.341,  0.265,  0.509,  0.446,  0.331,  0.039,  0.168,  3.860,  0.795,  0.696,  0.464,  2.651,  0.044,  0.039,  0.795,  0.012
208.000, 16.500, 32.657,  0.000,  1.159,  0.315,  0.261,  0.492,  0.425,  0.326,  0.037,  0.160,  3.537,  0.782,  0.651,  0.434,  2.606,  0.043,  0.036,  0.782,  0.011
208.000, 17.000, 15.838,  0.000,  0.785,  0.171,  0.214,  0.371,  0.288,  0.267,  0.024,  0.105,  1.786,  0.641,  0.382,  0.254,  2.138,  0.036,  0.021,  0.641,  0.005
208.000, 17.500, 23.349,  0.000,  0.951,  0.236,  0.234,  0.424,  0.349,  0.293,  0.030,  0.129,  2.582,  0.702,  0.501,  0.334,  2.341,  0.039,  0.028,  0.702,  0.008
208.000, 18.000,  7.676,  0.000,  0.610,  0.101,  0.195,  0.317,  0.224,  0.244,  0.019,  0.082,  0.877,  0.585,  0.256,  0.170,  1.951,  0.033,  0.014,  0.585,  0.003
208.000, 18.500, 11.914,  0.000,  0.701,  0.137,  0.205,  0.345,  0.257,  0.256,  0.022,  0.094,  1.349,  0.615,  0.321,  0.214,  2.051,  0.034,  0.018,  0.615,  0.004
208.000, 19.000,  0.265,  0.000,  0.458,  0.036,  0.181,  0.273,  0.168,  0.227,  0.015,  0.064,  0.031,  0.544,  0.144,  0.096,  1.814,  0.030,  0.008,  0.544,  0.000
208.000, 19.500,  0.000,  0.000,  0.455,  0.034,  0.182,  0.273,  0.167,  0.227,  0.015,  0.064,  0.000,  0.546,  0.141,  0.094,  1.818,  0.030,  0.008,  0.546,  0.000
208.000, 20.000,  0.000,  0.000,  0.443,  0.033,  0.177,  0.266,  0.162,  0.221,  0.014,  0.062,  0.000,  0.531,  0.137,  0.091,  1.771,  0.030,  0.007,  0.531,  0.000
208.000, 20.500,  0.000,  0.000,  0.451,  0.034,  0.180,  0.271,  0.165,  0.226,  0.015,  0.064,  0.000,  0.541,  0.140,  0.093,  1.804,  0.030,  0.008,  0.541,  0.000
208.000, 21.000,  0.000,  0.000,  0.396,  0.030,  0.158,  0.238,  0.145,  0.198,  0.012,  0.051,  0.000,  0.475,  0.118,  0.079,  1.584,  0.026,  0.007,  0.475,  0.000
208.000, 21.500,  0.000,  0.000,  0.440,  0.033,  0.176,  0.264,  0.162,  0.220,  0.014,  0.061,  0.000,  0.529,  0.136,  0.091,  1.762,  0.029,  0.007,  0.529,  0.000
208.000, 22.000,  0.000,  0.000,  0.330,  0.025,  0.132,  0.198,  0.121,  0.165,  0.009,  0.037,  0.000,  0.396,  0.093,  0.062,  1.318,  0.022,  0.005,  0.396,  0.000
208.000, 22.500,  0.000,  0.000,  0.357,  0.027,  0.143,  0.214,  0.131,  0.178,  0.010,  0.043,  0.000,  0.428,  0.103,  0.069,  1.428,  0.024,  0.006,  0.428,  0.000
208.000, 23.000,    nan,    nan,    nan,    nan,    nan,    nan,    nan,    nan,    nan,    nan,    nan,    nan,    nan,    nan,    nan,    nan,    nan,    nan,    nan
208.000, 23.500,    nan,    nan,    nan,    nan,    nan,    nan,    nan,    nan,    nan,    nan,    nan,    nan,    nan,    nan,    nan,    nan,    nan,    nan,    nan
209.000,  0.000,  0.000,  0.000,  0.295,  0.022,  0.118,  0.177,  0.108,  0.147,  0.007,  0.031,  0.000,  0.353,  0.080,  0.054,  1.178,  0.020,  0.005,  0.353,  0.000
209.000,  0.500,  0.000,  0.000,  0.332,  0.025,  0.133,  0.199,  0.122,  0.166,  0.009,  0.038,  0.000,  0.399,  0.094,  0.063,  1.330,  0.022,  0.006,  0.399,  0.000
209.000,  1.000,  0.000,  0.000,  0.269,  0.020,  0.108,  0.161,  0.099,  0.134,  0.006,  0.026,  0.000,  0.323,  0.071,  0.048,  1.075,  0.018,  0.004,  0.323,  0.000
209.000,  1.500,  0.000,  0.000,  0.286,  0.021,  0.115,  0.172,  0.105,  0.143,  0.007,  0.029,  0.000,  0.344,  0.078,  0.052,  1.145,  0.019,  0.005,  0.344,  0.000
209.000,  2.000,  0.000,  0.000,  0.273,  0.020,  0.109,  0.164,  0.100,  0.137,  0.006,  0.027,  0.000,  0.328,  0.073,  0.049,  1.092,  0.018,  0.005,  0.328,  0.000
209.000,  2.500,  0.000,  0.000,  0.270,  0.020,  0.108,  0.162,  0.099,  0.135,  0.006,  0.027,  0.000,  0.324,  0.072,  0.048,  1.080,  0.018,  0.004,  0.324,  0.000
209.000,  3.000,  0.000,  0.000,  0.267,  0.020,  0.107,  0.160,  0.098,  0.133,  0.006,  0.026,  0.000,  0.320,  0.071,  0.047,  1.066,  0.018,  0.004,  0.320,  0.000
209.000,  3.500,  0.000,  0.000,  0.267,  0.020,  0.107,  0.160,  0.098,  0.134,  0.006,  0.026,  0.000,  0.320,  0.071,  0.047,  1.068,  0.018,  0.004,  0.320,  0.000
209.000,  4.000,  0.000,  0.000,  0.249,  0.019,  0.100,  0.149,  0.091,  0.125,  0.005,  0.023,  0.000,  0.299,  0.065,  0.043,  0.996,  0.017,  0.004,  0.299,  0.000
209.000,  4.500,  0.000,  0.000,  0.260,  0.020,  0.104,  0.156,  0.095,  0.130,  0.006,  0.025,  0.000,  0.312,  0.069,  0.046,  1.041,  0.017,  0.004,  0.312,  0.000
209.000,  5.000,  2.267,  0.000,  0.300,  0.041,  0.104,  0.164,  0.110,  0.130,  0.006,  0.027,  0.340,  0.311,  0.098,  0.065,  1.036,  0.017,  0.006,  0.311,  0.001
209.000,  5.500,  0.771,  0.000,  0.265,  0.026,  0.100,  0.153,  0.097,  0.125,  0.006,  0.024,  0.117,  0.301,  0.076,  0.050,  1.004,  0.017,  0.005,  0.301,  0.000
209.000,  6.000,  8.741,  0.000,  0.471,  0.103,  0.128,  0.222,  0.173,  0.160,  0.010,  0.045,  1.220,  0.384,  0.205,  0.136,  1.279,  0.021,  0.013,  0.384,  0.004
209.000,  6.500,  9.196,  0.000,  0.464,  0.108,  0.121,  0.213,  0.170,  0.151,  0.010,  0.041,  1.353,  0.362,  0.204,  0.136,  1.205,  0.020,  0.013,  0.362,  0.004
209.000,  7.000, 19.290,  0.000,  0.778,  0.200,  0.185,  0.341,  0.285,  0.231,  0.021,  0.089,  2.355,  0.555,  0.398,  0.265,  1.851,  0.031,  0.023,  0.555,  0.007
209.000,  7.500, 18.457,  0.000,  0.713,  0.194,  0.160,  0.303,  0.261,  0.200,  0.017,  0.072,  2.449,  0.480,  0.362,  0.241,  1.601,  0.027,  0.022,  0.480,  0.007
209.000,  8.000, 30.940,  0.000,  1.084,  0.300,  0.239,  0.456,  0.397,  0.299,  0.033,  0.142,  3.437,  0.717,  0.606,  0.404,  2.391,  0.040,  0.034,  0.717,  0.010
209.000,  8.500, 30.133,  0.000,  1.035,  0.295,  0.221,  0.428,  0.379,  0.276,  0.029,  0.126,  3.498,  0.663,  0.576,  0.384,  2.211,  0.037,  0.033,  0.663,  0.010
209.000,  9.000, 34.731,  0.000,  1.145,  0.331,  0.240,  0.469,  0.420,  0.300,  0.034,  0.147,  3.862,  0.719,  0.656,  0.438,  2.397,  0.040,  0.037,  0.719,  0.012
209.000,  9.500, 35.241,  0.000,  1.154,  0.337,  0.239,  0.470,  0.423,  0.299,  0.034,  0.147,  3.960,  0.718,  0.662,  0.442,  2.392,  0.040,  0.038,  0.718,  0.012
209.000, 10.000, 39.729,  0.000,  1.257,  0.372,  0.256,  0.507,  0.461,  0.320,  0.038,  0.167,  4.308,  0.767,  0.739,  0.493,  2.558,  0.043,  0.042,  0.767,  0.013
209.000, 10.500, 39.264,  0.000,  1.244,  0.369,  0.252,  0.501,  0.456,  0.315,  0.038,  0.163,  4.305,  0.757,  0.729,  0.486,  2.522,  0.042,  0.041,  0.757,  0.013
209.000, 11.000, 41.519,  0.000,  1.287,  0.386,  0.257,  0.515,  0.472,  0.322,  0.039,  0.171,  4.478,  0.772,  0.765,  0.510,  2.573,  0.043,  0.043,  0.772,  0.013
209.000, 11.500, 39.526,  0.000,  1.235,  0.371,  0.246,  0.493,  0.453,  0.308,  0.037,  0.158,  4.369,  0.739,  0.726,  0.484,  2.463,  0.041,  0.041,  0.739,  0.013
209.000, 12.000, 43.273,  0.000,  1.326,  0.400,  0.263,  0.528,  0.486,  0.329,  0.041,  0.179,  4.615,  0.790,  0.794,  0.529,  2.632,  0.044,  0.044,  0.790,  0.014
209.000, 12.500, 42.437,  0.000,  1.307,  0.393,  0.260,  0.522,  0.479,  0.325,  0.040,  0.175,  4.552,  0.781,  0.780,  0.520,  2.603,  0.043,  0.044,  0.781,  0.014
209.000, 13.000, 41.324,  0.000,  1.277,  0.384,  0.254,  0.510,  0.468,  0.318,  0.039,  0.168,  4.468,  0.762,  0.759,  0.506,  2.542,  0.042,  0.043,  0.762,  0.013
209.000, 13.500, 40.371,  0.000,  1.252,  0.376,  0.250,  0.501,  0.459,  0.313,  0.038,  0.164,  4.375,  0.750,  0.742,  0.495,  2.501,  0.042,  0.042,  0.750,  0.013
209.000, 14.000, 38.147,  0.000,  1.198,  0.359,  0.241,  0.480,  0.439,  0.301,  0.035,  0.154,  4.205,  0.722,  0.702,  0.468,  2.405,  0.040,  0.040,  0.722,  0.013
209.000, 14.500, 37.795,  0.000,  1.196,  0.355,  0.243,  0.482,  0.439,  0.304,  0.036,  0.156,  4.123,  0.729,  0.701,  0.467,  2.429,  0.040,  0.040,  0.729,  0.012
209.000, 15.000, 34.486,  0.000,  1.116,  0.329,  0.229,  0.452,  0.409,  0.286,  0.032,  0.139,  3.878,  0.686,  0.642,  0.428,  2.288,  0.038,  0.037,  0.686,  0.012
209.000, 15.500, 33.618,  0.000,  1.106,  0.320,  0.232,  0.453,  0.406,  0.290,  0.033,  0.142,  3.706,  0.696,  0.634,  0.423,  2.320,  0.039,  0.036,  0.696,  0.011
209.000, 16.000, 28.700,  0.000,  0.983,  0.280,  0.210,  0.406,  0.361,  0.262,  0.027,  0.118,  3.331,  0.629,  0.546,  0.364,  2.096,  0.035,  0.032,  0.629,  0.010
209.000, 16.500, 27.797,  0.000,  0.986,  0.271,  0.220,  0.417,  0.362,  0.274,  0.029,  0.125,  3.105,  0.659,  0.545,  0.363,  2.196,  0.037,  0.031,  0.659,  0.009
209.000, 17.000,  8.821,  0.000,  0.572,  0.107,  0.172,  0.287,  0.210,  0.215,  0.016,  0.071,  1.031,  0.517,  0.248,  0.165,  1.723,  0.029,  0.014,  0.517,  0.003
209.000, 17.500, 19.793,  0.000,  0.793,  0.203,  0.190,  0.348,  0.291,  0.237,  0.022,  0.095,  2.324,  0.569,  0.409,  0.273,  1.898,  0.032,  0.024,  0.569,  0.007
209.000, 18.000,  3.944,  0.000,  0.449,  0.063,  0.154,  0.244,  0.164,  0.192,  0.012,  0.054,  0.476,  0.461,  0.166,  0.111,  1.538,  0.026,  0.010,  0.461,  0.001
209.000, 18.500,  5.891,  0.000,  0.509,  0.081,  0.166,  0.268,  0.187,  0.207,  0.015,  0.063,  0.692,  0.498,  0.203,  0.136,  1.659,  0.028,  0.012,  0.498,  0.002
209.000, 19.000,  0.128,  0.000,  0.314,  0.025,  0.125,  0.188,  0.115,  0.156,  0.008,  0.034,  0.017,  0.374,  0.089,  0.059,  1.247,  0.021,  0.005,  0.374,  0.000
209.000, 19.500,  0.000,  0.000,  0.334,  0.025,  0.134,  0.201,  0.123,  0.167,  0.009,  0.039,  0.000,  0.401,  0.095,  0.063,  1.337,  0.022,  0.006,  0.401,  0.000
209.000, 20.000,  0.000,  0.000,  0.301,  0.023,  0.120,  0.180,  0.110,  0.150,  0.007,  0.032,  0.000,  0.361,  0.083,  0.055,  1.203,  0.020,  0.005,  0.361,  0.000
209.000, 20.500,  0.000,  0.000,  0.313,  0.023,  0.125,  0.188,  0.115,  0.157,  0.008,  0.035,  0.000,  0.376,  0.087,  0.058,  1.252,  0.021,  0.005,  0.376,  0.000
209.000, 21.000,  0.000,  0.000,  0.255,  0.019,  0.102,  0.153,  0.093,  0.127,  0.006,  0.024,  0.000,  0.306,  0.067,  0.044,  1.019,  0.017,  0.004,  0.306,  0.000
209.000, 21.500,  0.000,  0.000,  0.256,  0.019,  0.103,  0.154,  0.094,  0.128,  0.006,  0.025,  0.000,  0.308,  0.067,  0.045,  1.026,  0.017,  0.004,  0.308,  0.000
209.000, 22.000,  0.000,  0.000,  0.232,  0.017,  0.093,  0.139,  0.085,  0.116,  0.005,  0.021,  0.000,  0.279,  0.059,  0.039,  0.929,  0.015,  0.004,  0.279,  0.000
209.000, 22.500,  0.000,  0.000,  0.244,  0.018,  0.097,  0.146,  0.089,  0.122,  0.005,  0.022,  0.000,  0.292,  0.063,  0.042,  0.974,  0.016,  0.004,  0.292,  0.000
209.000, 23.000,    nan,    nan,    nan,    nan,    nan,    nan,    nan,    nan,    nan,    nan,    nan,    nan,    nan,    nan,    nan,    nan,    nan,    nan,    nan
209.000, 23.500,    nan,    nan,    nan,    nan,    nan,    nan,    nan,    nan,    nan,    nan,    nan,    nan,    nan,    nan,    nan,    nan,    nan,    nan,    nan
210.000,  0.000,  0.000,  0.000,  0.202,  0.015,  0.081,  0.121,  0.074,  0.101,  0.004,  0.016,  0.000,  0.242,  0.049,  0.033,  0.808,  0.013,  0.003,  0.242,  0.000
210.000,  0.500,  0.000,  0.000,  0.209,  0.016,  0.084,  0.125,  0.077,  0.105,  0.004,  0.017,  0.000,  0.251,  0.052,  0.034,  0.836,  0.014,  0.003,  0.251,  0.000
210.000,  1.000,  0.000,  0.000,  0.186,  0.014,  0.074,  0.112,  0.068,  0.093,  0.003,  0.014,  0.000,  0.223,  0.044,  0.030,  0.745,  0.012,  0.003,  0.223,  0.000
210.000,  1.500,  0.000,  0.000,  0.191,  0.014,  0.076,  0.114,  0.070,  0.095,  0.003,  0.015,  0.000,  0.229,  0.046,  0.031,  0.763,  0.013,  0.003,  0.229,  0.000
210.000,  2.000,  0.000,  0.000,  0.171,  0.013,  0.068,  0.103,  0.063,  0.086,  0.003,  0.012,  0.000,  0.205,  0.040,  0.027,  0.685,  0.011,  0.003,  0.205,  0.000
210.000,  2.500,  0.000,  0.000,  0.169,  0.013,  0.067,  0.101,  0.062,  0.084,  0.003,  0.012,  0.000,  0.202,  0.039,  0.026,  0.674,  0.011,  0.003,  0.202,  0.000
210.000,  3.000,  0.000,  0.000,  0.163,  0.012,  0.065,  0.098,  0.060,  0.081,  0.003,  0.011,  0.000,  0.195,  0.037,  0.025,  0.651,  0.011,  0.003,  0.195,  0.000
210.000,  3.500,  0.000,  0.000,  0.170,  0.013,  0.068,  0.102,  0.062,  0.085,  0.003,  0.012,  0.000,  0.204,  0.039,  0.026,  0.679,  0.011,  0.003,  0.204,  0.000
210.000,  4.000,  0.000,  0.000,  0.161,  0.012,  0.065,  0.097,  0.059,  0.081,  0.003,  0.011,  0.000,  0.194,  0.037,  0.025,  0.645,  0.011,  0.003,  0.194,  0.000
210.000,  4.500,  0.000,  0.000,  0.161,  0.012,  0.064,  0.096,  0.059,  0.080,  0.003,  0.011,  0.000,  0.193,  0.037,  0.024,  0.643,  0.011,  0.003,  0.193,  0.000
210.000,  5.000,  1.085,  0.000,  0.182,  0.023,  0.064,  0.101,  0.067,  0.080,  0.003,  0.012,  0.192,  0.193,  0.051,  0.034,  0.644,  0.011,  0.004,  0.193,  0.001
210.000,  5.500,  0.447,  0.000,  0.173,  0.017,  0.066,  0.100,  0.063,  0.082,  0.003,  0.012,  0.081,  0.197,  0.044,  0.029,  0.658,  0.011,  0.003,  0.197,  0.000
210.000,  6.000,  4.606,  0.000,  0.284,  0.060,  0.079,  0.136,  0.104,  0.099,  0.005,  0.020,  0.777,  0.237,  0.109,  0.073,  0.789,  0.013,  0.008,  0.237,  0.002
210.000,  6.500,  4.116,  0.000,  0.253,  0.055,  0.069,  0.120,  0.093,  0.086,  0.004,  0.016,  0.770,  0.207,  0.095,  0.063,  0.689,  0.011,  0.007,  0.207,  0.002
210.000,  7.000, 10.562,  0.000,  0.478,  0.120,  0.117,  0.212,  0.175,  0.146,  0.010,  0.041,  1.541,  0.350,  0.219,  0.146,  1.166,  0.019,  0.014,  0.350,  0.005
210.000,  7.500,  9.928,  0.000,  0.436,  0.115,  0.102,  0.189,  0.160,  0.127,  0.008,  0.033,  1.587,  0.305,  0.197,  0.132,  1.017,  0.017,  0.013,  0.305,  0.005
210.000,  8.000,    nan,    nan,    nan,    nan,    nan,    nan,    nan,    nan,    nan,    nan,    nan,    nan,    nan,    nan,    nan,    nan,    nan,    nan,    nan
210.000,  8.500,    nan,    nan,    nan,    nan,    nan,    nan,    nan,    nan,    nan,    nan,    nan,    nan,    nan,    nan,    nan,    nan,    nan,    nan,    nan
210.000,  9.000, 22.475,  0.000,  0.804,  0.227,  0.173,  0.334,  0.295,  0.216,  0.020,  0.086,  2.810,  0.519,  0.428,  0.285,  1.731,  0.029,  0.026,  0.519,  0.008
210.000,  9.500,    nan,    nan,    nan,    nan,    nan,    nan,    nan,    nan,    nan,    nan,    nan,    nan,    nan,    nan,    nan,    nan,    nan,    nan,    nan
210.000, 10.000,    nan,    nan,    nan,    nan,    nan,    nan,    nan,    nan,    nan,    nan,    nan,    nan,    nan,    nan,    nan,    nan,    nan,    nan,    nan
210.000, 10.500,    nan,    nan,    nan,    nan,    nan,    nan,    nan,    nan,    nan,    nan,    nan,    nan,    nan,    nan,    nan,    nan,    nan,    nan,    nan
210.000, 11.000, 31.983,  0.000,  1.052,  0.307,  0.218,  0.428,  0.386,  0.272,  0.030,  0.129,  3.640,  0.654,  0.598,  0.399,  2.179,  0.036,  0.034,  0.654,  0.011
210.000, 11.500, 28.741,  0.000,  0.960,  0.281,  0.198,  0.390,  0.352,  0.248,  0.026,  0.111,  3.407,  0.595,  0.535,  0.357,  1.984,  0.033,  0.031,  0.595,  0.010
210.000, 12.000,    nan,    nan,    nan,    nan,    nan,    nan,    nan,    nan,    nan,    nan,    nan,    nan,    nan,    nan,    nan,    nan,    nan,    nan,    nan
210.000, 12.500,    nan,    nan,    nan,    nan,    nan,    nan,    nan,    nan,    nan,    nan,    nan,    nan,    nan,    nan,    nan,    nan,    nan,    nan,    nan
210.000, 13.000,    nan,    nan,    nan,    nan,    nan,    nan,    nan,    nan,    nan,    nan,    nan,    nan,    nan,    nan,    nan,    nan,    nan,    nan,    nan
210.000, 13.500,    nan,    nan,    nan,    nan,    nan,    nan,    nan,    nan,    nan,    nan,    nan,    nan,    nan,    nan,    nan,    nan,    nan,    nan,    nan
210.000, 14.000,    nan,    nan,    nan,    nan,    nan,    nan,    nan,    nan,    nan,    nan,    nan,    nan,    nan,    nan,    nan,    nan,    nan,    nan,    nan
210.000, 14.500, 25.176,  0.000,  0.877,  0.251,  0.186,  0.362,  0.321,  0.233,  0.023,  0.098,  3.059,  0.559,  0.476,  0.318,  1.864,  0.031,  0.028,  0.559,  0.009
210.000, 15.000, 26.227,  0.000,  0.918,  0.259,  0.198,  0.382,  0.336,  0.248,  0.025,  0.108,  3.082,  0.595,  0.502,  0.335,  1.983,  0.033,  0.029,  0.595,  0.009
210.000, 15.500, 28.285,  0.000,  0.974,  0.274,  0.211,  0.405,  0.357,  0.263,  0.028,  0.121,  3.191,  0.632,  0.542,  0.362,  2.107,  0.035,  0.031,  0.632,  0.010
210.000, 16.000, 18.294,  0.000,  0.724,  0.189,  0.170,  0.315,  0.265,  0.213,  0.019,  0.081,  2.229,  0.510,  0.370,  0.247,  1.700,  0.028,  0.022,  0.510,  0.007
210.000, 16.500, 21.354,  0.000,  0.806,  0.216,  0.184,  0.346,  0.296,  0.230,  0.022,  0.093,  2.537,  0.553,  0.425,  0.283,  1.844,  0.031,  0.025,  0.553,  0.008
210.000, 17.000, 12.870,  0.000,  0.642,  0.141,  0.174,  0.303,  0.235,  0.218,  0.018,  0.077,  1.508,  0.522,  0.303,  0.202,  1.741,  0.029,  0.018,  0.522,  0.005
210.000, 17.500, 16.862,  0.000,  0.712,  0.176,  0.176,  0.318,  0.261,  0.220,  0.019,  0.083,  2.004,  0.528,  0.357,  0.238,  1.759,  0.029,  0.021,  0.528,  0.006
210.000, 18.000,  5.455,  0.000,  0.501,  0.077,  0.166,  0.266,  0.184,  0.207,  0.015,  0.063,  0.630,  0.497,  0.198,  0.132,  1.657,  0.028,  0.011,  0.497,  0.002
210.000, 18.500,  7.747,  0.000,  0.552,  0.097,  0.171,  0.281,  0.202,  0.214,  0.016,  0.069,  0.894,  0.513,  0.233,  0.155,  1.712,  0.029,  0.013,  0.513,  0.003
210.000, 19.000,  0.109,  0.000,  0.339,  0.026,  0.135,  0.203,  0.124,  0.169,  0.009,  0.040,  0.014,  0.405,  0.098,  0.065,  1.350,  0.023,  0.006,  0.405,  0.000
210.000, 19.500,  0.000,  0.000,  0.364,  0.027,  0.145,  0.218,  0.133,  0.182,  0.010,  0.045,  0.000,  0.436,  0.106,  0.071,  1.454,  0.024,  0.006,  0.436,  0.000
210.000, 20.000,  0.000,  0.000,  0.288,  0.022,  0.115,  0.173,  0.106,  0.144,  0.007,  0.030,  0.000,  0.346,  0.079,  0.052,  1.152,  0.019,  0.005,  0.346,  0.000
210.000, 20.500,  0.000,  0.000,  0.316,  0.024,  0.127,  0.190,  0.116,  0.158,  0.008,  0.035,  0.000,  0.380,  0.089,  0.059,  1.266,  0.021,  0.005,  0.380,  0.000
210.000, 21.000,  0.000,  0.000,  0.260,  0.019,  0.104,  0.156,  0.095,  0.130,  0.006,  0.025,  0.000,  0.311,  0.069,  0.046,  1.038,  0.017,  0.004,  0.311,  0.000
210.000, 21.500,  0.000,  0.000,  0.271,  0.020,  0.108,  0.162,  0.099,  0.135,  0.006,  0.027,  0.000,  0.325,  0.072,  0.048,  1.083,  0.018,  0.005,  0.325,  0.000
210.000, 22.000,  0.000,  0.000,  0.242,  0.018,  0.097,  0.145,  0.089,  0.121,  0.005,  0.022,  0.000,  0.290,  0.063,  0.042,  0.967,  0.016,  0.004,  0.290,  0.000
210.000, 22.500,  0.000,  0.000,  0.241,  0.018,  0.096,  0.144,  0.088,  0.120,  0.005,  0.022,  0.000,  0.289,  0.062,  0.041,  0.962,  0.016,  0.004,  0.289,  0.000
210.000, 23.000,  0.000,  0.000,  0.232,  0.017,  0.093,  0.139,  0.085,  0.116,  0.005,  0.021,  0.000,  0.279,  0.059,  0.040,  0.929,  0.015,  0.004,  0.279,  0.000
210.000, 23.500,  0.000,  0.000,  0.235,  0.018,  0.094,  0.141,  0.086,  0.118,  0.005,  0.021,  0.000,  0.282,  0.060,  0.040,  0.940,  0.016,  0.004,  0.282,  0.000
